alarms,any_alarm,current_register,datetime,day_consumption,fluid_unit_amount,id,codigo_medidor,month_consumption,data_consulta_api,sala_nome_completo,sala_bloco,sala_numero
[],False,439983,2023-12-19 14:34:14,55,7.96668,13827,4035295,862,2024-01-01,1 - 105,1.0,105.0
[],False,215520,2023-11-17 10:46:28,0,7.96668,13678,4011206,0,2024-01-01,1 - 105,1.0,105.0
[],False,645343,2023-12-19 15:59:29,311,7.96668,13682,4011229,8310,2024-01-01,1 - 109,1.0,109.0
[],False,226476,2023-12-19 15:55:03,0,7.96668,13826,4035292,316,2024-01-01,1 - 119,1.0,119.0
[],False,119446,2023-12-26 12:56:48,0,7.96668,13692,4011239,341,2024-01-01,1 - 119,1.0,119.0
[],False,116342,2023-12-27 20:58:44,70,7.96668,13695,4011242,1274,2024-01-01,1 - 122,1.0,122.0
[],False,366061,2023-12-29 09:13:05,363,7.96668,13696,4011243,4299,2024-01-01,1 - 123,1.0,123.0
[],False,399632,2023-12-31 05:13:47,0,7.96668,13828,4035298,122,2024-01-01,1 - 133,1.0,133.0
[],False,72830,2023-12-19 15:59:59,0,7.96668,13706,4011253,7,2024-01-01,1 - 133,1.0,133.0
[],False,29329,2023-12-31 17:56:21,0,7.96668,13707,4011254,174,2024-01-01,1 - 134,1.0,134.0
[],False,628186,2023-12-31 18:26:21,0,7.96668,13708,4011255,3967,2024-01-01,1 - 135,1.0,135.0
[],False,207289,2023-12-19 15:59:45,115,7.96668,13710,4011257,2033,2024-01-01,1 - 137,1.0,137.0
[],False,12753,2023-12-30 17:18:43,0,7.96668,13824,4011372,407,2024-01-01,1 - 1509,1.0,1509.0
[],False,5155953,2023-12-21 23:24:42,112916,,188295,58599044,215141,2024-01-01,Sala Não Mapeada,,
[],False,439983,2023-12-19 14:34:14,55,7.96668,13827,4035295,862,2024-01-02,1 - 105,1.0,105.0
[],False,215520,2023-11-17 10:46:28,0,7.96668,13678,4011206,0,2024-01-02,1 - 105,1.0,105.0
[],False,645343,2023-12-19 15:59:29,311,7.96668,13682,4011229,8310,2024-01-02,1 - 109,1.0,109.0
[],False,226476,2023-12-19 15:55:03,0,7.96668,13826,4035292,316,2024-01-02,1 - 119,1.0,119.0
[],False,116342,2023-12-27 20:58:44,70,7.96668,13695,4011242,1274,2024-01-02,1 - 122,1.0,122.0
[],False,366061,2023-12-29 09:13:05,363,7.96668,13696,4011243,4299,2024-01-02,1 - 123,1.0,123.0
[],False,72830,2023-12-19 15:59:59,0,7.96668,13706,4011253,7,2024-01-02,1 - 133,1.0,133.0
[],False,207289,2023-12-19 15:59:45,115,7.96668,13710,4011257,2033,2024-01-02,1 - 137,1.0,137.0
[],False,5155953,2023-12-21 23:24:42,112916,,188295,58599044,215141,2024-01-02,Sala Não Mapeada,,
[],False,439983,2023-12-19 14:34:14,55,7.96668,13827,4035295,862,2024-01-03,1 - 105,1.0,105.0
[],False,215520,2023-11-17 10:46:28,0,7.96668,13678,4011206,0,2024-01-03,1 - 105,1.0,105.0
[],False,645343,2023-12-19 15:59:29,311,7.96668,13682,4011229,8310,2024-01-03,1 - 109,1.0,109.0
[],False,226476,2023-12-19 15:55:03,0,7.96668,13826,4035292,316,2024-01-03,1 - 119,1.0,119.0
[],False,116342,2023-12-27 20:58:44,70,7.96668,13695,4011242,1274,2024-01-03,1 - 122,1.0,122.0
[],False,366061,2023-12-29 09:13:05,363,7.96668,13696,4011243,4299,2024-01-03,1 - 123,1.0,123.0
[],False,207289,2023-12-19 15:59:45,115,7.96668,13710,4011257,2033,2024-01-03,1 - 137,1.0,137.0
[],False,5155953,2023-12-21 23:24:42,112916,,188295,58599044,215141,2024-01-03,Sala Não Mapeada,,
[],False,439983,2023-12-19 14:34:14,55,7.96668,13827,4035295,862,2024-01-04,1 - 105,1.0,105.0
[],False,215520,2023-11-17 10:46:28,0,7.96668,13678,4011206,0,2024-01-04,1 - 105,1.0,105.0
[],False,645343,2023-12-19 15:59:29,311,7.96668,13682,4011229,8310,2024-01-04,1 - 109,1.0,109.0
[],False,226476,2023-12-19 15:55:03,0,7.96668,13826,4035292,316,2024-01-04,1 - 119,1.0,119.0
[],False,366061,2023-12-29 09:13:05,363,7.96668,13696,4011243,4299,2024-01-04,1 - 123,1.0,123.0
[],False,207289,2023-12-19 15:59:45,115,7.96668,13710,4011257,2033,2024-01-04,1 - 137,1.0,137.0
[],False,5155953,2023-12-21 23:24:42,112916,,188295,58599044,215141,2024-01-04,Sala Não Mapeada,,
[],False,439983,2023-12-19 14:34:14,55,7.96668,13827,4035295,862,2024-01-05,1 - 105,1.0,105.0
[],False,215520,2023-11-17 10:46:28,0,7.96668,13678,4011206,0,2024-01-05,1 - 105,1.0,105.0
[],False,645343,2023-12-19 15:59:29,311,7.96668,13682,4011229,8310,2024-01-05,1 - 109,1.0,109.0
[],False,226476,2023-12-19 15:55:03,0,7.96668,13826,4035292,316,2024-01-05,1 - 119,1.0,119.0
[],False,366061,2023-12-29 09:13:05,363,7.96668,13696,4011243,4299,2024-01-05,1 - 123,1.0,123.0
[],False,5155953,2023-12-21 23:24:42,112916,,188295,58599044,215141,2024-01-05,Sala Não Mapeada,,
[],False,439983,2023-12-19 14:34:14,55,7.96668,13827,4035295,862,2024-01-06,1 - 105,1.0,105.0
[],False,215520,2023-11-17 10:46:28,0,7.96668,13678,4011206,0,2024-01-06,1 - 105,1.0,105.0
[],False,645343,2023-12-19 15:59:29,311,7.96668,13682,4011229,8310,2024-01-06,1 - 109,1.0,109.0
[],False,226476,2023-12-19 15:55:03,0,7.96668,13826,4035292,316,2024-01-06,1 - 119,1.0,119.0
[],False,366061,2023-12-29 09:13:05,363,7.96668,13696,4011243,4299,2024-01-06,1 - 123,1.0,123.0
[],False,5155953,2023-12-21 23:24:42,112916,,188295,58599044,215141,2024-01-06,Sala Não Mapeada,,
[],False,215520,2023-11-17 10:46:28,0,7.96668,13678,4011206,0,2024-01-07,1 - 105,1.0,105.0
[],False,645343,2023-12-19 15:59:29,311,7.96668,13682,4011229,8310,2024-01-07,1 - 109,1.0,109.0
[],False,226476,2023-12-19 15:55:03,0,7.96668,13826,4035292,316,2024-01-07,1 - 119,1.0,119.0
[],False,366061,2023-12-29 09:13:05,363,7.96668,13696,4011243,4299,2024-01-07,1 - 123,1.0,123.0
[],False,5155953,2023-12-21 23:24:42,112916,,188295,58599044,215141,2024-01-07,Sala Não Mapeada,,
[],False,215520,2023-11-17 10:46:28,0,7.96668,13678,4011206,0,2024-01-08,1 - 105,1.0,105.0
[],False,645343,2023-12-19 15:59:29,311,7.96668,13682,4011229,8310,2024-01-08,1 - 109,1.0,109.0
[],False,226476,2023-12-19 15:55:03,0,7.96668,13826,4035292,316,2024-01-08,1 - 119,1.0,119.0
[],False,366061,2023-12-29 09:13:05,363,7.96668,13696,4011243,4299,2024-01-08,1 - 123,1.0,123.0
[],False,5155953,2023-12-21 23:24:42,112916,,188295,58599044,215141,2024-01-08,Sala Não Mapeada,,
[],False,215520,2023-11-17 10:46:28,0,7.96668,13678,4011206,0,2024-01-09,1 - 105,1.0,105.0
[],False,645343,2023-12-19 15:59:29,311,7.96668,13682,4011229,8310,2024-01-09,1 - 109,1.0,109.0
[],False,226476,2023-12-19 15:55:03,0,7.96668,13826,4035292,316,2024-01-09,1 - 119,1.0,119.0
[],False,5155953,2023-12-21 23:24:42,112916,,188295,58599044,215141,2024-01-09,Sala Não Mapeada,,
[],False,215520,2023-11-17 10:46:28,0,7.96668,13678,4011206,0,2024-01-10,1 - 105,1.0,105.0
[],False,645343,2023-12-19 15:59:29,311,7.96668,13682,4011229,8310,2024-01-10,1 - 109,1.0,109.0
[],False,226476,2023-12-19 15:55:03,0,7.96668,13826,4035292,316,2024-01-10,1 - 119,1.0,119.0
[],False,5155953,2023-12-21 23:24:42,112916,,188295,58599044,215141,2024-01-10,Sala Não Mapeada,,
[],False,215520,2023-11-17 10:46:28,0,7.96668,13678,4011206,0,2024-01-11,1 - 105,1.0,105.0
[],False,645343,2023-12-19 15:59:29,311,7.96668,13682,4011229,8310,2024-01-11,1 - 109,1.0,109.0
[],False,226476,2023-12-19 15:55:03,0,7.96668,13826,4035292,316,2024-01-11,1 - 119,1.0,119.0
[],False,5155953,2023-12-21 23:24:42,112916,,188295,58599044,215141,2024-01-11,Sala Não Mapeada,,
[],False,215520,2023-11-17 10:46:28,0,7.96668,13678,4011206,0,2024-01-12,1 - 105,1.0,105.0
[],False,645343,2023-12-19 15:59:29,311,7.96668,13682,4011229,8310,2024-01-12,1 - 109,1.0,109.0
[],False,5155953,2023-12-21 23:24:42,112916,,188295,58599044,215141,2024-01-12,Sala Não Mapeada,,
[],False,215520,2023-11-17 10:46:28,0,7.96668,13678,4011206,0,2024-01-13,1 - 105,1.0,105.0
[],False,645343,2023-12-19 15:59:29,311,7.96668,13682,4011229,8310,2024-01-13,1 - 109,1.0,109.0
[],False,5155953,2023-12-21 23:24:42,112916,,188295,58599044,215141,2024-01-13,Sala Não Mapeada,,
[],False,215520,2023-11-17 10:46:28,0,7.96668,13678,4011206,0,2024-01-14,1 - 105,1.0,105.0
[],False,645343,2023-12-19 15:59:29,311,7.96668,13682,4011229,8310,2024-01-14,1 - 109,1.0,109.0
[],False,5155953,2023-12-21 23:24:42,112916,,188295,58599044,215141,2024-01-14,Sala Não Mapeada,,
[],False,215520,2023-11-17 10:46:28,0,7.96668,13678,4011206,0,2024-01-15,1 - 105,1.0,105.0
[],False,645343,2023-12-19 15:59:29,311,7.96668,13682,4011229,8310,2024-01-15,1 - 109,1.0,109.0
[],False,5155953,2023-12-21 23:24:42,112916,,188295,58599044,215141,2024-01-15,Sala Não Mapeada,,
[],False,215520,2023-11-17 10:46:28,0,7.96856,13678,4011206,0,2024-01-16,1 - 105,1.0,105.0
[],False,645343,2023-12-19 15:59:29,311,7.96856,13682,4011229,8310,2024-01-16,1 - 109,1.0,109.0
[],False,5155953,2023-12-21 23:24:42,112916,,188295,58599044,215141,2024-01-16,Sala Não Mapeada,,
[],False,215520,2023-11-17 10:46:28,0,7.96856,13678,4011206,0,2024-01-17,1 - 105,1.0,105.0
[],False,645343,2023-12-19 15:59:29,311,7.96856,13682,4011229,8310,2024-01-17,1 - 109,1.0,109.0
[],False,5155953,2023-12-21 23:24:42,112916,,188295,58599044,215141,2024-01-17,Sala Não Mapeada,,
[],False,215520,2023-11-17 10:46:28,0,7.96856,13678,4011206,0,2024-01-18,1 - 105,1.0,105.0
[],False,645343,2023-12-19 15:59:29,311,7.96856,13682,4011229,8310,2024-01-18,1 - 109,1.0,109.0
[],False,5155953,2023-12-21 23:24:42,112916,,188295,58599044,215141,2024-01-18,Sala Não Mapeada,,
[],False,215520,2023-11-17 10:46:28,0,7.96856,13678,4011206,0,2024-01-19,1 - 105,1.0,105.0
[],False,645343,2023-12-19 15:59:29,311,7.96856,13682,4011229,8310,2024-01-19,1 - 109,1.0,109.0
[],False,5155953,2023-12-21 23:24:42,112916,,188295,58599044,215141,2024-01-19,Sala Não Mapeada,,
[],False,215520,2023-11-17 10:46:28,0,7.96856,13678,4011206,0,2024-01-20,1 - 105,1.0,105.0
[],False,645343,2023-12-19 15:59:29,311,7.96856,13682,4011229,8310,2024-01-20,1 - 109,1.0,109.0
[],False,5155953,2023-12-21 23:24:42,112916,,188295,58599044,215141,2024-01-20,Sala Não Mapeada,,
[],False,215520,2023-11-17 10:46:28,0,7.96856,13678,4011206,0,2024-01-21,1 - 105,1.0,105.0
[],False,645343,2023-12-19 15:59:29,311,7.96856,13682,4011229,8310,2024-01-21,1 - 109,1.0,109.0
[],False,5155953,2023-12-21 23:24:42,112916,,188295,58599044,215141,2024-01-21,Sala Não Mapeada,,
[],False,215520,2023-11-17 10:46:28,0,7.96856,13678,4011206,0,2024-01-22,1 - 105,1.0,105.0
[],False,645343,2023-12-19 15:59:29,311,7.96856,13682,4011229,8310,2024-01-22,1 - 109,1.0,109.0
[],False,5155953,2023-12-21 23:24:42,112916,,188295,58599044,215141,2024-01-22,Sala Não Mapeada,,
[],False,215520,2023-11-17 10:46:28,0,7.96856,13678,4011206,0,2024-01-23,1 - 105,1.0,105.0
[],False,645343,2023-12-19 15:59:29,311,7.96856,13682,4011229,8310,2024-01-23,1 - 109,1.0,109.0
[],False,5155953,2023-12-21 23:24:42,112916,,188295,58599044,215141,2024-01-23,Sala Não Mapeada,,
[],False,215520,2023-11-17 10:46:28,0,7.96856,13678,4011206,0,2024-01-24,1 - 105,1.0,105.0
[],False,645343,2023-12-19 15:59:29,311,7.96856,13682,4011229,8310,2024-01-24,1 - 109,1.0,109.0
[],False,5155953,2023-12-21 23:24:42,112916,,188295,58599044,215141,2024-01-24,Sala Não Mapeada,,
[],False,215520,2023-11-17 10:46:28,0,7.96856,13678,4011206,0,2024-01-25,1 - 105,1.0,105.0
[],False,5155953,2023-12-21 23:24:42,112916,,188295,58599044,215141,2024-01-25,Sala Não Mapeada,,
[],False,215520,2023-11-17 10:46:28,0,7.96856,13678,4011206,0,2024-01-26,1 - 105,1.0,105.0
[],False,5155953,2023-12-21 23:24:42,112916,,188295,58599044,215141,2024-01-26,Sala Não Mapeada,,
[],False,215520,2023-11-17 10:46:28,0,7.96856,13678,4011206,0,2024-01-27,1 - 105,1.0,105.0
[],False,5155953,2023-12-21 23:24:42,112916,,188295,58599044,215141,2024-01-27,Sala Não Mapeada,,
[],False,215520,2023-11-17 10:46:28,0,7.96856,13678,4011206,0,2024-01-28,1 - 105,1.0,105.0
[],False,5155953,2023-12-21 23:24:42,112916,,188295,58599044,215141,2024-01-28,Sala Não Mapeada,,
[],False,215520,2023-11-17 10:46:28,0,7.96856,13678,4011206,0,2024-01-29,1 - 105,1.0,105.0
[],False,5155953,2023-12-21 23:24:42,112916,,188295,58599044,215141,2024-01-29,Sala Não Mapeada,,
[],False,215520,2023-11-17 10:46:28,0,7.96856,13678,4011206,0,2024-01-30,1 - 105,1.0,105.0
[],False,5155953,2023-12-21 23:24:42,112916,,188295,58599044,215141,2024-01-30,Sala Não Mapeada,,
[],False,215520,2023-11-17 10:46:28,0,7.96856,13678,4011206,0,2024-01-31,1 - 105,1.0,105.0
[],False,5155953,2023-12-21 23:24:42,112916,,188295,58599044,215141,2024-01-31,Sala Não Mapeada,,
[],False,215520,2023-11-17 10:46:28,0,7.96856,13678,4011206,0,2024-02-01,1 - 105,1.0,105.0
[],False,5155953,2023-12-21 23:24:42,112916,,188295,58599044,215141,2024-02-01,Sala Não Mapeada,,
[],False,215520,2023-11-17 10:46:28,0,7.96856,13678,4011206,0,2024-02-02,1 - 105,1.0,105.0
[],False,5155953,2023-12-21 23:24:42,112916,,188295,58599044,215141,2024-02-02,Sala Não Mapeada,,
[],False,215520,2023-11-17 10:46:28,0,7.96856,13678,4011206,0,2024-02-03,1 - 105,1.0,105.0
[],False,5155953,2023-12-21 23:24:42,112916,,188295,58599044,215141,2024-02-03,Sala Não Mapeada,,
[],False,215520,2023-11-17 10:46:28,0,7.96856,13678,4011206,0,2024-02-04,1 - 105,1.0,105.0
[],False,5155953,2023-12-21 23:24:42,112916,,188295,58599044,215141,2024-02-04,Sala Não Mapeada,,
[],False,215520,2023-11-17 10:46:28,0,7.96856,13678,4011206,0,2024-02-05,1 - 105,1.0,105.0
[],False,5155953,2023-12-21 23:24:42,112916,,188295,58599044,215141,2024-02-05,Sala Não Mapeada,,
[],False,215520,2023-11-17 10:46:28,0,7.96856,13678,4011206,0,2024-02-06,1 - 105,1.0,105.0
[],False,5155953,2023-12-21 23:24:42,112916,,188295,58599044,215141,2024-02-06,Sala Não Mapeada,,
[],False,215520,2023-11-17 10:46:28,0,7.96856,13678,4011206,0,2024-02-07,1 - 105,1.0,105.0
[],False,5155953,2023-12-21 23:24:42,112916,,188295,58599044,215141,2024-02-07,Sala Não Mapeada,,
[],False,215520,2023-11-17 10:46:28,0,7.96856,13678,4011206,0,2024-02-08,1 - 105,1.0,105.0
[],False,5155953,2023-12-21 23:24:42,112916,,188295,58599044,215141,2024-02-08,Sala Não Mapeada,,
[],False,215520,2023-11-17 10:46:28,0,7.96856,13678,4011206,0,2024-02-09,1 - 105,1.0,105.0
[],False,5155953,2023-12-21 23:24:42,112916,,188295,58599044,215141,2024-02-09,Sala Não Mapeada,,
[],False,215520,2023-11-17 10:46:28,0,7.96856,13678,4011206,0,2024-02-10,1 - 105,1.0,105.0
[],False,5155953,2023-12-21 23:24:42,112916,,188295,58599044,215141,2024-02-10,Sala Não Mapeada,,
[],False,215520,2023-11-17 10:46:28,0,7.96856,13678,4011206,0,2024-02-11,1 - 105,1.0,105.0
[],False,5155953,2023-12-21 23:24:42,112916,,188295,58599044,215141,2024-02-11,Sala Não Mapeada,,
[],False,215520,2023-11-17 10:46:28,0,7.96856,13678,4011206,0,2024-02-12,1 - 105,1.0,105.0
[],False,5155953,2023-12-21 23:24:42,112916,,188295,58599044,215141,2024-02-12,Sala Não Mapeada,,
[],False,215520,2023-11-17 10:46:28,0,7.96856,13678,4011206,0,2024-02-13,1 - 105,1.0,105.0
[],False,5155953,2023-12-21 23:24:42,112916,,188295,58599044,215141,2024-02-13,Sala Não Mapeada,,
[],False,215520,2023-11-17 10:46:28,0,7.96856,13678,4011206,0,2024-02-14,1 - 105,1.0,105.0
[],False,5155953,2023-12-21 23:24:42,112916,,188295,58599044,215141,2024-02-14,Sala Não Mapeada,,
[],False,215520,2023-11-17 10:46:28,0,7.96856,13678,4011206,0,2024-02-15,1 - 105,1.0,105.0
[],False,5155953,2023-12-21 23:24:42,112916,,188295,58599044,215141,2024-02-15,Sala Não Mapeada,,
[],False,215520,2023-11-17 10:46:28,0,8.74422,13678,4011206,0,2024-02-16,1 - 105,1.0,105.0
[],False,5155953,2023-12-21 23:24:42,112916,,188295,58599044,215141,2024-02-16,Sala Não Mapeada,,
[],False,215520,2023-11-17 10:46:28,0,8.74422,13678,4011206,0,2024-02-17,1 - 105,1.0,105.0
[],False,5155953,2023-12-21 23:24:42,112916,,188295,58599044,215141,2024-02-17,Sala Não Mapeada,,
[],False,215520,2023-11-17 10:46:28,0,8.74422,13678,4011206,0,2024-02-18,1 - 105,1.0,105.0
[],False,5155953,2023-12-21 23:24:42,112916,,188295,58599044,215141,2024-02-18,Sala Não Mapeada,,
[],False,215520,2023-11-17 10:46:28,0,8.74422,13678,4011206,0,2024-02-19,1 - 105,1.0,105.0
[],False,5155953,2023-12-21 23:24:42,112916,,188295,58599044,215141,2024-02-19,Sala Não Mapeada,,
[],False,215520,2023-11-17 10:46:28,0,8.74422,13678,4011206,0,2024-02-20,1 - 105,1.0,105.0
[],False,5155953,2023-12-21 23:24:42,112916,,188295,58599044,215141,2024-02-20,Sala Não Mapeada,,
[],False,215520,2023-11-17 10:46:28,0,8.74422,13678,4011206,0,2024-02-21,1 - 105,1.0,105.0
[],False,5155953,2023-12-21 23:24:42,112916,,188295,58599044,215141,2024-02-21,Sala Não Mapeada,,
[],False,215520,2023-11-17 10:46:28,0,8.74422,13678,4011206,0,2024-02-22,1 - 105,1.0,105.0
[],False,5155953,2023-12-21 23:24:42,112916,,188295,58599044,215141,2024-02-22,Sala Não Mapeada,,
[],False,215520,2023-11-17 10:46:28,0,8.74422,13678,4011206,0,2024-02-23,1 - 105,1.0,105.0
[],False,5155953,2023-12-21 23:24:42,112916,,188295,58599044,215141,2024-02-23,Sala Não Mapeada,,
[],False,215520,2023-11-17 10:46:28,0,8.74422,13678,4011206,0,2024-02-24,1 - 105,1.0,105.0
[],False,5155953,2023-12-21 23:24:42,112916,,188295,58599044,215141,2024-02-24,Sala Não Mapeada,,
[],False,215520,2023-11-17 10:46:28,0,8.74422,13678,4011206,0,2024-02-25,1 - 105,1.0,105.0
[],False,5155953,2023-12-21 23:24:42,112916,,188295,58599044,215141,2024-02-25,Sala Não Mapeada,,
[],False,215520,2023-11-17 10:46:28,0,8.74422,13678,4011206,0,2024-02-26,1 - 105,1.0,105.0
[],False,5155953,2023-12-21 23:24:42,112916,,188295,58599044,215141,2024-02-26,Sala Não Mapeada,,
[],False,215520,2023-11-17 10:46:28,0,8.74422,13678,4011206,0,2024-02-27,1 - 105,1.0,105.0
[],False,5155953,2023-12-21 23:24:42,112916,,188295,58599044,215141,2024-02-27,Sala Não Mapeada,,
[],False,215520,2023-11-17 10:46:28,0,8.74422,13678,4011206,0,2024-02-28,1 - 105,1.0,105.0
[],False,5155953,2023-12-21 23:24:42,112916,,188295,58599044,215141,2024-02-28,Sala Não Mapeada,,
[],False,215520,2023-11-17 10:46:28,0,8.74422,13678,4011206,0,2024-02-29,1 - 105,1.0,105.0
[],False,5155953,2023-12-21 23:24:42,112916,,188295,58599044,215141,2024-02-29,Sala Não Mapeada,,
[],False,215520,2023-11-17 10:46:28,0,8.74422,13678,4011206,0,2024-03-01,1 - 105,1.0,105.0
[],False,5155953,2023-12-21 23:24:42,112916,,188295,58599044,215141,2024-03-01,Sala Não Mapeada,,
[],False,215520,2023-11-17 10:46:28,0,8.74422,13678,4011206,0,2024-03-02,1 - 105,1.0,105.0
[],False,5155953,2023-12-21 23:24:42,112916,,188295,58599044,215141,2024-03-02,Sala Não Mapeada,,
[],False,215520,2023-11-17 10:46:28,0,8.74422,13678,4011206,0,2024-03-03,1 - 105,1.0,105.0
[],False,5155953,2023-12-21 23:24:42,112916,,188295,58599044,215141,2024-03-03,Sala Não Mapeada,,
[],False,215520,2023-11-17 10:46:28,0,8.74422,13678,4011206,0,2024-03-04,1 - 105,1.0,105.0
[],False,5155953,2023-12-21 23:24:42,112916,,188295,58599044,215141,2024-03-04,Sala Não Mapeada,,
[],False,215520,2023-11-17 10:46:28,0,8.74422,13678,4011206,0,2024-03-05,1 - 105,1.0,105.0
[],False,5155953,2023-12-21 23:24:42,112916,,188295,58599044,215141,2024-03-05,Sala Não Mapeada,,
[],False,215520,2023-11-17 10:46:28,0,8.74422,13678,4011206,0,2024-03-06,1 - 105,1.0,105.0
[],False,5155953,2023-12-21 23:24:42,112916,,188295,58599044,215141,2024-03-06,Sala Não Mapeada,,
[],False,215520,2023-11-17 10:46:28,0,8.74422,13678,4011206,0,2024-03-07,1 - 105,1.0,105.0
[],False,5155953,2023-12-21 23:24:42,112916,,188295,58599044,215141,2024-03-07,Sala Não Mapeada,,
[],False,215520,2023-11-17 10:46:28,0,8.74422,13678,4011206,0,2024-03-08,1 - 105,1.0,105.0
[],False,5155953,2023-12-21 23:24:42,112916,,188295,58599044,215141,2024-03-08,Sala Não Mapeada,,
[],False,215520,2023-11-17 10:46:28,0,8.74422,13678,4011206,0,2024-03-09,1 - 105,1.0,105.0
[],False,5155953,2023-12-21 23:24:42,112916,,188295,58599044,215141,2024-03-09,Sala Não Mapeada,,
[],False,215520,2023-11-17 10:46:28,0,8.74422,13678,4011206,0,2024-03-10,1 - 105,1.0,105.0
[],False,5155953,2023-12-21 23:24:42,112916,,188295,58599044,215141,2024-03-10,Sala Não Mapeada,,
[],False,215520,2023-11-17 10:46:28,0,8.74422,13678,4011206,0,2024-03-11,1 - 105,1.0,105.0
[],False,5155953,2023-12-21 23:24:42,112916,,188295,58599044,215141,2024-03-11,Sala Não Mapeada,,
[],False,215520,2023-11-17 10:46:28,0,8.74422,13678,4011206,0,2024-03-12,1 - 105,1.0,105.0
[],False,215520,2023-11-17 10:46:28,0,8.74422,13678,4011206,0,2024-03-13,1 - 105,1.0,105.0
[],False,215520,2023-11-17 10:46:28,0,8.74422,13678,4011206,0,2024-03-14,1 - 105,1.0,105.0
[],False,215520,2023-11-17 10:46:28,0,8.74422,13678,4011206,0,2024-03-15,1 - 105,1.0,105.0
[],False,215520,2023-11-17 10:46:28,0,8.30751,13678,4011206,0,2024-03-16,1 - 105,1.0,105.0
[],False,215520,2023-11-17 10:46:28,0,8.30751,13678,4011206,0,2024-03-17,1 - 105,1.0,105.0
[],False,215520,2023-11-17 10:46:28,0,8.30751,13678,4011206,0,2024-03-18,1 - 105,1.0,105.0
[],False,215520,2023-11-17 10:46:28,0,8.30751,13678,4011206,0,2024-03-19,1 - 105,1.0,105.0
[],False,215520,2023-11-17 10:46:28,0,8.30751,13678,4011206,0,2024-03-20,1 - 105,1.0,105.0
[],False,215520,2023-11-17 10:46:28,0,8.30751,13678,4011206,0,2024-03-21,1 - 105,1.0,105.0
[],False,215520,2023-11-17 10:46:28,0,8.30751,13678,4011206,0,2024-03-22,1 - 105,1.0,105.0
[],False,215520,2023-11-17 10:46:28,0,8.30751,13678,4011206,0,2024-03-23,1 - 105,1.0,105.0
[],False,215520,2023-11-17 10:46:28,0,8.30751,13678,4011206,0,2024-03-24,1 - 105,1.0,105.0
[],False,215520,2023-11-17 10:46:28,0,8.30751,13678,4011206,0,2024-03-25,1 - 105,1.0,105.0
[],False,215520,2023-11-17 10:46:28,0,8.30751,13678,4011206,0,2024-03-26,1 - 105,1.0,105.0
[],False,215520,2023-11-17 10:46:28,0,8.30751,13678,4011206,0,2024-03-27,1 - 105,1.0,105.0
[],False,215520,2023-11-17 10:46:28,0,8.30751,13678,4011206,0,2024-03-28,1 - 105,1.0,105.0
[],False,215520,2023-11-17 10:46:28,0,8.30751,13678,4011206,0,2024-03-29,1 - 105,1.0,105.0
[],False,215520,2023-11-17 10:46:28,0,8.30751,13678,4011206,0,2024-03-30,1 - 105,1.0,105.0
[],False,215520,2023-11-17 10:46:28,0,8.30751,13678,4011206,0,2024-03-31,1 - 105,1.0,105.0
[],False,215520,2023-11-17 10:46:28,0,8.30751,13678,4011206,0,2024-04-01,1 - 105,1.0,105.0
[],False,215520,2023-11-17 10:46:28,0,8.30751,13678,4011206,0,2024-04-02,1 - 105,1.0,105.0
[],False,215520,2023-11-17 10:46:28,0,8.30751,13678,4011206,0,2024-04-03,1 - 105,1.0,105.0
[],False,215520,2023-11-17 10:46:28,0,8.30751,13678,4011206,0,2024-04-04,1 - 105,1.0,105.0
[],False,215520,2023-11-17 10:46:28,0,8.30751,13678,4011206,0,2024-04-05,1 - 105,1.0,105.0
[],False,215520,2023-11-17 10:46:28,0,8.30751,13678,4011206,0,2024-04-06,1 - 105,1.0,105.0
[],False,215520,2023-11-17 10:46:28,0,8.30751,13678,4011206,0,2024-04-07,1 - 105,1.0,105.0
[],False,215520,2023-11-17 10:46:28,0,8.30751,13678,4011206,0,2024-04-08,1 - 105,1.0,105.0
[],False,215520,2023-11-17 10:46:28,0,8.30751,13678,4011206,0,2024-04-09,1 - 105,1.0,105.0
[],False,215520,2023-11-17 10:46:28,0,8.30751,13678,4011206,0,2024-04-10,1 - 105,1.0,105.0
[],False,215520,2023-11-17 10:46:28,0,8.30751,13678,4011206,0,2024-04-11,1 - 105,1.0,105.0
[],False,215520,2023-11-17 10:46:28,0,8.30751,13678,4011206,0,2024-04-12,1 - 105,1.0,105.0
[],False,215520,2023-11-17 10:46:28,0,8.30751,13678,4011206,0,2024-04-13,1 - 105,1.0,105.0
[],False,215520,2023-11-17 10:46:28,0,8.30751,13678,4011206,0,2024-04-14,1 - 105,1.0,105.0
[],False,215520,2023-11-17 10:46:28,0,8.30751,13678,4011206,0,2024-04-15,1 - 105,1.0,105.0
[],False,215520,2023-11-17 10:46:28,0,8.29731,13678,4011206,0,2024-04-16,1 - 105,1.0,105.0
[],False,215520,2023-11-17 10:46:28,0,8.29731,13678,4011206,0,2024-04-17,1 - 105,1.0,105.0
[],False,215520,2023-11-17 10:46:28,0,8.29731,13678,4011206,0,2024-04-18,1 - 105,1.0,105.0
[],False,215520,2023-11-17 10:46:28,0,8.29731,13678,4011206,0,2024-04-19,1 - 105,1.0,105.0
[],False,215520,2023-11-17 10:46:28,0,8.29731,13678,4011206,0,2024-04-20,1 - 105,1.0,105.0
[],False,215520,2023-11-17 10:46:28,0,8.29731,13678,4011206,0,2024-04-21,1 - 105,1.0,105.0
[],False,215520,2023-11-17 10:46:28,0,8.29731,13678,4011206,0,2024-04-22,1 - 105,1.0,105.0
[],False,215520,2023-11-17 10:46:28,0,8.29731,13678,4011206,0,2024-04-23,1 - 105,1.0,105.0
[],False,215520,2023-11-17 10:46:28,0,8.29731,13678,4011206,0,2024-04-24,1 - 105,1.0,105.0
[],False,215520,2023-11-17 10:46:28,0,8.29731,13678,4011206,0,2024-04-25,1 - 105,1.0,105.0
[],False,215520,2023-11-17 10:46:28,0,8.29731,13678,4011206,0,2024-04-26,1 - 105,1.0,105.0
[],False,215520,2023-11-17 10:46:28,0,8.29731,13678,4011206,0,2024-04-27,1 - 105,1.0,105.0
[],False,215520,2023-11-17 10:46:28,0,8.29731,13678,4011206,0,2024-04-28,1 - 105,1.0,105.0
[],False,215520,2023-11-17 10:46:28,0,8.29731,13678,4011206,0,2024-04-29,1 - 105,1.0,105.0
[],False,215520,2023-11-17 10:46:28,0,8.29731,13678,4011206,0,2024-04-30,1 - 105,1.0,105.0
[],False,215520,2023-11-17 10:46:28,0,8.29731,13678,4011206,0,2024-05-01,1 - 105,1.0,105.0
[],False,215520,2023-11-17 10:46:28,0,8.29731,13678,4011206,0,2024-05-02,1 - 105,1.0,105.0
[],False,215520,2023-11-17 10:46:28,0,8.29731,13678,4011206,0,2024-05-03,1 - 105,1.0,105.0
[],False,215520,2023-11-17 10:46:28,0,8.29731,13678,4011206,0,2024-05-04,1 - 105,1.0,105.0
[],False,215520,2023-11-17 10:46:28,0,8.29731,13678,4011206,0,2024-05-05,1 - 105,1.0,105.0
[],False,215520,2023-11-17 10:46:28,0,8.29731,13678,4011206,0,2024-05-06,1 - 105,1.0,105.0
[],False,215520,2023-11-17 10:46:28,0,8.29731,13678,4011206,0,2024-05-07,1 - 105,1.0,105.0
[],False,215520,2023-11-17 10:46:28,0,8.29731,13678,4011206,0,2024-05-08,1 - 105,1.0,105.0
[],False,215520,2023-11-17 10:46:28,0,8.29731,13678,4011206,0,2024-05-09,1 - 105,1.0,105.0
[],False,215520,2023-11-17 10:46:28,0,8.29731,13678,4011206,0,2024-05-10,1 - 105,1.0,105.0
[],False,215520,2023-11-17 10:46:28,0,8.29731,13678,4011206,0,2024-05-11,1 - 105,1.0,105.0
[],False,215520,2023-11-17 10:46:28,0,8.29731,13678,4011206,0,2024-05-12,1 - 105,1.0,105.0
[],False,215520,2023-11-17 10:46:28,0,8.29731,13678,4011206,0,2024-05-13,1 - 105,1.0,105.0
[],False,215520,2023-11-17 10:46:28,0,8.29731,13678,4011206,0,2024-05-14,1 - 105,1.0,105.0
[],False,215520,2023-11-17 10:46:28,0,8.29731,13678,4011206,0,2024-05-15,1 - 105,1.0,105.0
[],False,215520,2023-11-17 10:46:28,0,12.56464,13678,4011206,0,2024-05-16,1 - 105,1.0,105.0
[],False,215520,2023-11-17 10:46:28,0,12.56464,13678,4011206,0,2024-05-17,1 - 105,1.0,105.0
[],False,215520,2023-11-17 10:46:28,0,12.56464,13678,4011206,0,2024-05-18,1 - 105,1.0,105.0
[],False,215520,2023-11-17 10:46:28,0,12.56464,13678,4011206,0,2024-05-19,1 - 105,1.0,105.0
[],False,215520,2023-11-17 10:46:28,0,12.56464,13678,4011206,0,2024-05-20,1 - 105,1.0,105.0
[],False,215520,2023-11-17 10:46:28,0,12.56464,13678,4011206,0,2024-05-21,1 - 105,1.0,105.0
[],False,215520,2023-11-17 10:46:28,0,12.56464,13678,4011206,0,2024-05-22,1 - 105,1.0,105.0
[],False,215520,2023-11-17 10:46:28,0,12.56464,13678,4011206,0,2024-05-23,1 - 105,1.0,105.0
[],False,215520,2023-11-17 10:46:28,0,12.56464,13678,4011206,0,2024-05-24,1 - 105,1.0,105.0
[],False,215520,2023-11-17 10:46:28,0,12.56464,13678,4011206,0,2024-05-25,1 - 105,1.0,105.0
[],False,215520,2023-11-17 10:46:28,0,12.56464,13678,4011206,0,2024-05-26,1 - 105,1.0,105.0
[],False,215520,2023-11-17 10:46:28,0,12.56464,13678,4011206,0,2024-05-27,1 - 105,1.0,105.0
[],False,215520,2023-11-17 10:46:28,0,12.56464,13678,4011206,0,2024-05-28,1 - 105,1.0,105.0
[],False,215520,2023-11-17 10:46:28,0,12.56464,13678,4011206,0,2024-05-29,1 - 105,1.0,105.0
[],False,215520,2023-11-17 10:46:28,0,12.56464,13678,4011206,0,2024-05-30,1 - 105,1.0,105.0
[],False,215520,2023-11-17 10:46:28,0,12.56464,13678,4011206,0,2024-05-31,1 - 105,1.0,105.0
[],False,215520,2023-11-17 10:46:28,0,12.56464,13678,4011206,0,2024-06-01,1 - 105,1.0,105.0
[],False,215520,2023-11-17 10:46:28,0,12.56464,13678,4011206,0,2024-06-02,1 - 105,1.0,105.0
[],False,215520,2023-11-17 10:46:28,0,12.56464,13678,4011206,0,2024-06-03,1 - 105,1.0,105.0
[],False,215520,2023-11-17 10:46:28,0,12.56464,13678,4011206,0,2024-06-04,1 - 105,1.0,105.0
[],False,215520,2023-11-17 10:46:28,0,12.56464,13678,4011206,0,2024-06-05,1 - 105,1.0,105.0
[],False,215520,2023-11-17 10:46:28,0,12.56464,13678,4011206,0,2024-06-06,1 - 105,1.0,105.0
[],False,215520,2023-11-17 10:46:28,0,12.56464,13678,4011206,0,2024-06-07,1 - 105,1.0,105.0
[],False,215520,2023-11-17 10:46:28,0,12.56464,13678,4011206,0,2024-06-08,1 - 105,1.0,105.0
[],False,215520,2023-11-17 10:46:28,0,12.56464,13678,4011206,0,2024-06-09,1 - 105,1.0,105.0
[],False,215520,2023-11-17 10:46:28,0,12.56464,13678,4011206,0,2024-06-10,1 - 105,1.0,105.0
[],False,215520,2023-11-17 10:46:28,0,12.56464,13678,4011206,0,2024-06-11,1 - 105,1.0,105.0
[],False,215520,2023-11-17 10:46:28,0,12.56464,13678,4011206,0,2024-06-12,1 - 105,1.0,105.0
[],False,215520,2023-11-17 10:46:28,0,12.56464,13678,4011206,0,2024-06-13,1 - 105,1.0,105.0
[],False,215520,2023-11-17 10:46:28,0,12.56464,13678,4011206,0,2024-06-14,1 - 105,1.0,105.0
[],False,215520,2023-11-17 10:46:28,0,12.56464,13678,4011206,0,2024-06-15,1 - 105,1.0,105.0
[],False,215520,2023-11-17 10:46:28,0,8.30307,13678,4011206,0,2024-06-16,1 - 105,1.0,105.0
[],False,215520,2023-11-17 10:46:28,0,8.30307,13678,4011206,0,2024-06-17,1 - 105,1.0,105.0
[],False,215520,2023-11-17 10:46:28,0,8.30307,13678,4011206,0,2024-06-18,1 - 105,1.0,105.0
[],False,215520,2023-11-17 10:46:28,0,8.30307,13678,4011206,0,2024-06-19,1 - 105,1.0,105.0
[],False,215520,2023-11-17 10:46:28,0,8.30307,13678,4011206,0,2024-06-20,1 - 105,1.0,105.0
[],False,215520,2023-11-17 10:46:28,0,8.30307,13678,4011206,0,2024-06-21,1 - 105,1.0,105.0
[],False,215520,2023-11-17 10:46:28,0,8.30307,13678,4011206,0,2024-06-22,1 - 105,1.0,105.0
[],False,215520,2023-11-17 10:46:28,0,8.30307,13678,4011206,0,2024-06-23,1 - 105,1.0,105.0
[],False,215520,2023-11-17 10:46:28,0,8.30307,13678,4011206,0,2024-06-24,1 - 105,1.0,105.0
[],False,215520,2023-11-17 10:46:28,0,8.30307,13678,4011206,0,2024-06-25,1 - 105,1.0,105.0
[],False,215520,2023-11-17 10:46:28,0,8.30307,13678,4011206,0,2024-06-26,1 - 105,1.0,105.0
[],False,215520,2023-11-17 10:46:28,0,8.30307,13678,4011206,0,2024-06-27,1 - 105,1.0,105.0
[],False,215520,2023-11-17 10:46:28,0,8.30307,13678,4011206,0,2024-06-28,1 - 105,1.0,105.0
[],False,215520,2023-11-17 10:46:28,0,8.30307,13678,4011206,0,2024-06-29,1 - 105,1.0,105.0
[],False,215520,2023-11-17 10:46:28,0,8.30307,13678,4011206,0,2024-06-30,1 - 105,1.0,105.0
[],False,215520,2023-11-17 10:46:28,0,8.30307,13678,4011206,0,2024-07-01,1 - 105,1.0,105.0
[],False,215520,2023-11-17 10:46:28,0,8.30307,13678,4011206,0,2024-07-02,1 - 105,1.0,105.0
[],False,215520,2023-11-17 10:46:28,0,8.30307,13678,4011206,0,2024-07-03,1 - 105,1.0,105.0
[],False,215520,2023-11-17 10:46:28,0,8.30307,13678,4011206,0,2024-07-04,1 - 105,1.0,105.0
[],False,215520,2023-11-17 10:46:28,0,8.30307,13678,4011206,0,2024-07-05,1 - 105,1.0,105.0
[],False,215520,2023-11-17 10:46:28,0,8.30307,13678,4011206,0,2024-07-06,1 - 105,1.0,105.0
[],False,215520,2023-11-17 10:46:28,0,8.30307,13678,4011206,0,2024-07-07,1 - 105,1.0,105.0
[],False,215520,2023-11-17 10:46:28,0,8.30307,13678,4011206,0,2024-07-08,1 - 105,1.0,105.0
[],False,215520,2023-11-17 10:46:28,0,8.30307,13678,4011206,0,2024-07-09,1 - 105,1.0,105.0
[],False,215520,2023-11-17 10:46:28,0,8.30307,13678,4011206,0,2024-07-10,1 - 105,1.0,105.0
[],False,215520,2023-11-17 10:46:28,0,8.30307,13678,4011206,0,2024-07-11,1 - 105,1.0,105.0
[],False,215520,2023-11-17 10:46:28,0,8.30307,13678,4011206,0,2024-07-12,1 - 105,1.0,105.0
[],False,215520,2023-11-17 10:46:28,0,8.30307,13678,4011206,0,2024-07-13,1 - 105,1.0,105.0
[],False,215520,2023-11-17 10:46:28,0,8.30307,13678,4011206,0,2024-07-14,1 - 105,1.0,105.0
[],False,215520,2023-11-17 10:46:28,0,8.30307,13678,4011206,0,2024-07-15,1 - 105,1.0,105.0
[],False,215520,2023-11-17 10:46:28,0,8.33322,13678,4011206,0,2024-07-16,1 - 105,1.0,105.0
[],False,215520,2023-11-17 10:46:28,0,8.33322,13678,4011206,0,2024-07-17,1 - 105,1.0,105.0
[],False,215520,2023-11-17 10:46:28,0,8.33322,13678,4011206,0,2024-07-18,1 - 105,1.0,105.0
[],False,215520,2023-11-17 10:46:28,0,8.33322,13678,4011206,0,2024-07-19,1 - 105,1.0,105.0
[],False,215520,2023-11-17 10:46:28,0,8.33322,13678,4011206,0,2024-07-20,1 - 105,1.0,105.0
[],False,215520,2023-11-17 10:46:28,0,8.33322,13678,4011206,0,2024-07-21,1 - 105,1.0,105.0
[],False,215520,2023-11-17 10:46:28,0,8.33322,13678,4011206,0,2024-07-22,1 - 105,1.0,105.0
[],False,215520,2023-11-17 10:46:28,0,8.33322,13678,4011206,0,2024-07-23,1 - 105,1.0,105.0
[],False,215520,2023-11-17 10:46:28,0,8.33322,13678,4011206,0,2024-07-24,1 - 105,1.0,105.0
[],False,215520,2023-11-17 10:46:28,0,8.33322,13678,4011206,0,2024-07-25,1 - 105,1.0,105.0
[],False,215520,2023-11-17 10:46:28,0,8.33322,13678,4011206,0,2024-07-26,1 - 105,1.0,105.0
[],False,215520,2023-11-17 10:46:28,0,8.33322,13678,4011206,0,2024-07-27,1 - 105,1.0,105.0
[],False,215520,2023-11-17 10:46:28,0,8.33322,13678,4011206,0,2024-07-28,1 - 105,1.0,105.0
[],False,215520,2023-11-17 10:46:28,0,8.33322,13678,4011206,0,2024-07-29,1 - 105,1.0,105.0
[],False,215520,2023-11-17 10:46:28,0,8.33322,13678,4011206,0,2024-07-30,1 - 105,1.0,105.0
[],False,215520,2023-11-17 10:46:28,0,8.33322,13678,4011206,0,2024-07-31,1 - 105,1.0,105.0
[],False,215520,2023-11-17 10:46:28,0,8.33322,13678,4011206,0,2024-08-01,1 - 105,1.0,105.0
[],False,215520,2023-11-17 10:46:28,0,8.33322,13678,4011206,0,2024-08-02,1 - 105,1.0,105.0
[],False,215520,2023-11-17 10:46:28,0,8.33322,13678,4011206,0,2024-08-03,1 - 105,1.0,105.0
[],False,215520,2023-11-17 10:46:28,0,8.33322,13678,4011206,0,2024-08-04,1 - 105,1.0,105.0
[],False,215520,2023-11-17 10:46:28,0,8.33322,13678,4011206,0,2024-08-05,1 - 105,1.0,105.0
[],False,215520,2023-11-17 10:46:28,0,8.33322,13678,4011206,0,2024-08-06,1 - 105,1.0,105.0
[],False,215520,2023-11-17 10:46:28,0,8.33322,13678,4011206,0,2024-08-07,1 - 105,1.0,105.0
[],False,215520,2023-11-17 10:46:28,0,8.33322,13678,4011206,0,2024-08-08,1 - 105,1.0,105.0
[],False,215520,2023-11-17 10:46:28,0,8.33322,13678,4011206,0,2024-08-09,1 - 105,1.0,105.0
[],False,215520,2023-11-17 10:46:28,0,8.33322,13678,4011206,0,2024-08-10,1 - 105,1.0,105.0
[],False,215520,2023-11-17 10:46:28,0,8.33322,13678,4011206,0,2024-08-11,1 - 105,1.0,105.0
[],False,215520,2023-11-17 10:46:28,0,8.33322,13678,4011206,0,2024-08-12,1 - 105,1.0,105.0
[],False,215520,2023-11-17 10:46:28,0,8.33322,13678,4011206,0,2024-08-13,1 - 105,1.0,105.0
[],False,215520,2023-11-17 10:46:28,0,8.33322,13678,4011206,0,2024-08-14,1 - 105,1.0,105.0
[],False,215520,2023-11-17 10:46:28,0,8.33322,13678,4011206,0,2024-08-15,1 - 105,1.0,105.0
[],False,215520,2023-11-17 10:46:28,0,8.3389,13678,4011206,0,2024-08-16,1 - 105,1.0,105.0
[],False,215520,2023-11-17 10:46:28,0,8.3389,13678,4011206,0,2024-08-17,1 - 105,1.0,105.0
[],False,215520,2023-11-17 10:46:28,0,8.3389,13678,4011206,0,2024-08-18,1 - 105,1.0,105.0
[],False,215520,2023-11-17 10:46:28,0,8.3389,13678,4011206,0,2024-08-19,1 - 105,1.0,105.0
[],False,215520,2023-11-17 10:46:28,0,8.3389,13678,4011206,0,2024-08-20,1 - 105,1.0,105.0
[],False,215520,2023-11-17 10:46:28,0,8.3389,13678,4011206,0,2024-08-21,1 - 105,1.0,105.0
[],False,215520,2023-11-17 10:46:28,0,8.3389,13678,4011206,0,2024-08-22,1 - 105,1.0,105.0
[],False,215520,2023-11-17 10:46:28,0,8.3389,13678,4011206,0,2024-08-23,1 - 105,1.0,105.0
[],False,215520,2023-11-17 10:46:28,0,8.3389,13678,4011206,0,2024-08-24,1 - 105,1.0,105.0
[],False,215520,2023-11-17 10:46:28,0,8.3389,13678,4011206,0,2024-08-25,1 - 105,1.0,105.0
[],False,215520,2023-11-17 10:46:28,0,8.3389,13678,4011206,0,2024-08-26,1 - 105,1.0,105.0
[],False,215520,2023-11-17 10:46:28,0,8.3389,13678,4011206,0,2024-08-27,1 - 105,1.0,105.0
[],False,215520,2023-11-17 10:46:28,0,8.3389,13678,4011206,0,2024-08-28,1 - 105,1.0,105.0
[],False,215520,2023-11-17 10:46:28,0,8.3389,13678,4011206,0,2024-08-29,1 - 105,1.0,105.0
[],False,215520,2023-11-17 10:46:28,0,8.3389,13678,4011206,0,2024-08-30,1 - 105,1.0,105.0
[],False,215520,2023-11-17 10:46:28,0,8.3389,13678,4011206,0,2024-08-31,1 - 105,1.0,105.0
[],False,215520,2023-11-17 10:46:28,0,8.3389,13678,4011206,0,2024-09-01,1 - 105,1.0,105.0
[],False,215520,2023-11-17 10:46:28,0,8.3389,13678,4011206,0,2024-09-02,1 - 105,1.0,105.0
[],False,215520,2023-11-17 10:46:28,0,8.3389,13678,4011206,0,2024-09-03,1 - 105,1.0,105.0
[],False,215520,2023-11-17 10:46:28,0,8.3389,13678,4011206,0,2024-09-04,1 - 105,1.0,105.0
[],False,215520,2023-11-17 10:46:28,0,8.3389,13678,4011206,0,2024-09-05,1 - 105,1.0,105.0
[],False,215520,2023-11-17 10:46:28,0,8.3389,13678,4011206,0,2024-09-06,1 - 105,1.0,105.0
[],False,215520,2023-11-17 10:46:28,0,8.3389,13678,4011206,0,2024-09-07,1 - 105,1.0,105.0
[],False,215520,2023-11-17 10:46:28,0,8.3389,13678,4011206,0,2024-09-08,1 - 105,1.0,105.0
[],False,215520,2023-11-17 10:46:28,0,8.3389,13678,4011206,0,2024-09-09,1 - 105,1.0,105.0
[],False,215520,2023-11-17 10:46:28,0,8.3389,13678,4011206,0,2024-09-10,1 - 105,1.0,105.0
[],False,215520,2023-11-17 10:46:28,0,8.3389,13678,4011206,0,2024-09-11,1 - 105,1.0,105.0
