sala;Mes_Ano;Dias_Monitorados;Total_Consumo_Real_L;Total_Previsto_LSTM_L;Dias_Alerta_Vazamento
1.0-1001.0;2025-01;24;124,99999999999997;79,9649881124491;1
1.0-1001.0;2025-02;28;198,99999999999997;163,19465553760463;0
1.0-1001.0;2025-03;31;192,0000000000001;150,88956785201955;0
1.0-1001.0;2025-04;30;232,00000000000003;191,33336305618218;0
1.0-1001.0;2025-05;31;143,99999999999997;127,8202314376824;0
1.0-1001.0;2025-06;30;145,00000000000003;111,22874343395165;0
1.0-1001.0;2025-07;31;258,99999999999994;216,36554074287343;1
1.0-1001.0;2025-08;31;250,99999999999991;206,15919148921895;1
1.0-1001.0;2025-09;30;232,00000000000003;191,75650942325524;1
1.0-1001.0;2025-10;31;321,00000000000006;275,0311124324791;1
1.0-1001.0;2025-11;30;140,00000000000009;129,90438115596703;1
1.0-1001.0;2025-12;31;249,99999999999983;206,98671627044607;1
1.0-1002.0;2025-01;23;1704,9999999999998;1344,6968686580653;0
1.0-1002.0;2025-02;24;1905,0;1658,285796761512;0
1.0-1002.0;2025-03;27;1604,0;1509,6362625360482;0
1.0-1002.0;2025-04;25;1813,9999999999998;1628,5295884609216;0
1.0-1002.0;2025-05;26;1950,0000000000002;1791,9597526788705;0
1.0-1002.0;2025-06;26;1561,0;1552,5075899362557;0
1.0-1002.0;2025-07;28;2243,0;1898,786441087722;0
1.0-1002.0;2025-08;28;2080,0;1871,516079783439;0
1.0-1002.0;2025-09;24;1926,0;1645,6356707811349;0
1.0-1002.0;2025-10;27;2151,0;1878,4628115892403;0
1.0-1002.0;2025-11;27;1718,0000000000002;1665,6150895357125;0
1.0-1002.0;2025-12;27;927,0;1238,2608633041375;0
1.0-1003.0;2025-01;24;155,99999999999997;105,33063876628822;1
1.0-1003.0;2025-02;28;134,0;100,53061616420682;0
1.0-1003.0;2025-03;31;115,99999999999996;92,86336827278066;0
1.0-1003.0;2025-04;30;190,99999999999994;153,07071161270073;0
1.0-1003.0;2025-05;31;277,9999999999998;227,8529999256127;1
1.0-1003.0;2025-06;30;185,99999999999991;159,44371962547234;0
1.0-1003.0;2025-07;31;251,0;210,89444589614797;2
1.0-1003.0;2025-08;31;223,0;186,24555230140615;0
1.0-1003.0;2025-09;30;236,0;189,88250041007927;0
1.0-1003.0;2025-10;31;231,00000000000006;193,11031222343374;1
1.0-1003.0;2025-11;30;194,99999999999991;168,81665611267022;0
1.0-1003.0;2025-12;31;194,00000000000014;165,7329683303826;0
1.0-1004.0;2025-01;23;675,9999999999998;986,6757713556284;0
1.0-1004.0;2025-02;28;797,0000000000002;708,9224613904946;0
1.0-1004.0;2025-03;30;516,0000000000001;628,288159489631;0
1.0-1004.0;2025-04;30;845,0000000000001;737,9635026454919;1
1.0-1004.0;2025-05;31;631,0;628,5999466180795;0
1.0-1004.0;2025-06;30;666,9999999999999;612,0661818981164;0
1.0-1004.0;2025-07;31;715,9999999999999;670,5016357898705;0
1.0-1004.0;2025-08;1;23,393939393939377;21,351661205291723;0
1.0-1004.0;2025-09;30;718,0;700,093033075332;1
1.0-1004.0;2025-10;30;683,0000000000001;827,7913938760751;0
1.0-1004.0;2025-11;29;526,0000000000001;626,76260626316;0
1.0-1004.0;2025-12;31;903,0000000000001;861,0560263395303;0
1.0-1005.0;2025-01;24;789,9999999999998;675,1834126710886;2
1.0-1005.0;2025-02;28;948,0;847,9421035051339;3
1.0-1005.0;2025-03;31;692,0;666,0612537860862;4
1.0-1005.0;2025-04;30;25,999999999999964;69,3469787836068;0
1.0-1005.0;2025-05;31;0,0;-6,528871536255585;0
1.0-1005.0;2025-06;30;0,0;-13,920224905014717;0
1.0-1005.0;2025-07;31;0,0;-14,384232401848541;0
1.0-1005.0;2025-08;31;52,99999999999999;31,480649113654387;1
1.0-1005.0;2025-09;30;40,99999999999998;23,40218889713219;1
1.0-1005.0;2025-10;31;0,0;-12,283220529556976;0
1.0-1005.0;2025-11;30;0,0;-13,920224905014717;0
1.0-1005.0;2025-12;31;0,0;-14,384232401848541;0
1.0-1006.0;2025-01;23;1566,9999999999998;1438,88985979557;0
1.0-1006.0;2025-02;27;2069,0;1737,09996163845;0
1.0-1006.0;2025-03;26;1644,0;1594,4937611818307;0
1.0-1006.0;2025-04;22;1487,0;1374,360919475555;0
1.0-1006.0;2025-05;27;2519,0;2055,1362243890753;0
1.0-1006.0;2025-06;25;1874,0;1723,9049606323235;0
1.0-1006.0;2025-07;28;2073,0;1859,9485019445412;0
1.0-1006.0;2025-08;26;1814,9999999999998;1675,6812969446175;0
1.0-1006.0;2025-09;22;1593,0;1513,0470492839809;0
1.0-1006.0;2025-10;27;2221,0;1809,0356326103204;0
1.0-1006.0;2025-11;29;2490,0;2096,210204601287;0
1.0-1006.0;2025-12;24;1693,0000000000002;1657,082387208938;0
1.0-1007.0;2025-01;24;0,0;-11,037766456604547;0
1.0-1007.0;2025-02;28;0,0;-12,877394199371972;0
1.0-1007.0;2025-03;31;0,0;-14,25711500644754;0
1.0-1007.0;2025-04;30;0,0;-13,797208070755683;0
1.0-1007.0;2025-05;31;0,0;-14,25711500644754;0
1.0-1007.0;2025-06;30;0,0;-13,797208070755683;0
1.0-1007.0;2025-07;31;0,0;-14,25711500644754;0
1.0-1007.0;2025-08;31;0,0;-14,25711500644754;0
1.0-1007.0;2025-09;30;102,00000000000001;74,55369257926873;2
1.0-1007.0;2025-10;31;21,999999999999993;8,308851242064728;0
1.0-1007.0;2025-11;30;0,0;-10,926447272301399;0
1.0-1007.0;2025-12;31;0,0;-14,25711500644754;0
1.0-1008.0;2025-01;24;0,0;-11,0730943679815;0
1.0-1008.0;2025-02;28;226,00000000000003;158,0799940824502;1
1.0-1008.0;2025-03;31;476,99999999999994;418,4877719879143;0
1.0-1008.0;2025-04;30;563,0;488,74149012565545;0
1.0-1008.0;2025-05;29;565,0;1073,88201034069;0
1.0-1008.0;2025-06;30;627,0;616,9075777530663;0
1.0-1008.0;2025-07;31;553,0;508,8700801134102;1
1.0-1008.0;2025-08;31;430,00000000000034;382,8193037509911;0
1.0-1008.0;2025-09;30;379,0;340,6535621881478;0
1.0-1008.0;2025-10;31;229,00000000000003;203,0671055316918;0
1.0-1008.0;2025-11;30;213,00000000000003;174,9536715745919;0
1.0-1008.0;2025-12;31;211,99999999999997;176,57169771194387;0
1.0-1009.0;2025-01;24;0,0;-11,07057094574029;0
1.0-1009.0;2025-02;28;0,0;-12,915666103363671;0
1.0-1009.0;2025-03;31;0,0;-14,299487471581207;0
1.0-1009.0;2025-04;30;0,0;-13,838213682175361;0
1.0-1009.0;2025-05;31;0,0;-14,299487471581207;0
1.0-1009.0;2025-06;30;0,0;-13,838213682175361;0
1.0-1009.0;2025-07;30;9,000000000000009;134,77400779724053;0
1.0-1009.0;2025-08;31;482,99999999999983;437,7834881544106;3
1.0-1009.0;2025-09;30;255,99999999999966;222,19434392452172;0
1.0-1009.0;2025-10;30;227,99999999999986;285,14510715007714;1
1.0-1009.0;2025-11;30;256,99999999999983;217,15959084033898;1
1.0-1009.0;2025-12;31;66,99999999999984;66,43052029609609;0
1.0-1010.0;2025-01;24;2,0000000000000346;-9,64262938499505;0
1.0-1010.0;2025-02;28;8,00000000000004;-6,751050710678735;0
1.0-1010.0;2025-03;31;0,0;-13,365032672882782;0
1.0-1010.0;2025-04;30;0,0;-13,816133737564765;0
1.0-1010.0;2025-05;31;27,999999999999996;9,977148771285307;1
1.0-1010.0;2025-06;30;3,000000000000003;-9,842216849327766;0
1.0-1010.0;2025-07;31;34,99999999999997;16,184294342993987;1
1.0-1010.0;2025-08;31;0,0;-12,481572031975494;0
1.0-1010.0;2025-09;30;46,00000000000002;24,9996203184121;1
1.0-1010.0;2025-10;31;0,0;-11,919952869415985;0
1.0-1010.0;2025-11;30;0,0;-13,816133737564765;0
1.0-1010.0;2025-12;31;43,000000000000014;22,951587080954802;1
1.0-105.0;2025-01;32;853,9999999999999;999,9812371730796;0
1.0-105.0;2025-02;38;1231,0;1178,9842675924292;1
1.0-105.0;2025-03;47;1320,9999999999998;1799,0308924913395;2
1.0-105.0;2025-04;44;1681,9999999999998;1852,0683785676947;3
1.0-105.0;2025-05;31;702,0;639,859719514846;0
1.0-105.0;2025-06;30;511,0;474,7529515027993;0
1.0-105.0;2025-07;31;1385,9999999999998;1209,8222622871392;0
1.0-105.0;2025-08;31;1331,0;1283,3707154989236;0
1.0-105.0;2025-09;30;1383,0;1291,3093625307076;0
1.0-105.0;2025-10;31;1472,0;1352,2831689119332;0
1.0-105.0;2025-11;30;1443,0;1343,3736090660088;0
1.0-105.0;2025-12;49;987,9999999999999;1646,053176641463;0
1.0-106.0;2025-01;22;1440,9999999999995;1097,2052536010738;0
1.0-106.0;2025-02;25;1804,0;1458,07373034954;0
1.0-106.0;2025-03;30;1509,0;1462,6293876171105;0
1.0-106.0;2025-04;30;1598,9999999999998;1499,5366984605782;0
1.0-106.0;2025-05;29;1617,0;1635,737007737159;0
1.0-106.0;2025-06;30;1603,0000000000002;1443,9991189241402;0
1.0-106.0;2025-07;31;1750,0;1653,9264396429055;0
1.0-106.0;2025-08;31;1492,9999999999998;1419,020274639129;0
1.0-106.0;2025-09;29;1316,0;1294,6793535947793;0
1.0-106.0;2025-10;29;1426,0000000000002;1474,0506201982491;0
1.0-106.0;2025-11;29;1687,9999999999998;1570,86150419712;0
1.0-106.0;2025-12;31;1234,0;1294,0983091592782;0
1.0-107.0;2025-01;23;0,0;-10,582696080208345;0
1.0-107.0;2025-02;28;0,0;-12,883282184601464;0
1.0-107.0;2025-03;31;0,0;-14,263633847237335;0
1.0-107.0;2025-04;30;0,0;-13,80351662635871;0
1.0-107.0;2025-05;31;0,0;-14,263633847237335;0
1.0-107.0;2025-06;30;0,0;-13,80351662635871;0
1.0-107.0;2025-07;31;0,0;-14,263633847237335;0
1.0-107.0;2025-08;31;0,0;-14,263633847237335;0
1.0-107.0;2025-09;30;0,0;-13,80351662635871;0
1.0-107.0;2025-10;31;0,0;-14,263633847237335;0
1.0-107.0;2025-11;30;0,0;-13,80351662635871;0
1.0-107.0;2025-12;31;0,0;-14,263633847237335;0
1.0-110.0;2025-01;24;0,0;-8,724366545677729;0
1.0-110.0;2025-02;28;23,99999999999993;6,56220960617002;0
1.0-110.0;2025-03;31;0,9999999999999685;-12,16482996940683;0
1.0-110.0;2025-04;30;3,000000000000003;-11,698351621628486;0
1.0-110.0;2025-05;31;0,0;-13,627889156342254;0
1.0-110.0;2025-06;30;0,9999999999999685;-13,107682943344795;0
1.0-110.0;2025-07;31;0,0;-14,063021779061065;0
1.0-110.0;2025-08;31;9,000000000000009;-7,348037481308685;0
1.0-110.0;2025-09;30;0,0;-12,456219434738838;0
1.0-110.0;2025-10;31;0,9999999999999685;-13,396838307381378;0
1.0-110.0;2025-11;30;0,0;-13,752259612084114;0
1.0-110.0;2025-12;31;0,0;-14,263633847237335;0
1.0-1101.0;2025-01;24;9,999999999999979;-2,303623795509882;0
1.0-1101.0;2025-02;28;11,000000000000044;-1,9581255912787103;0
1.0-1101.0;2025-03;31;0,0;-13,825504660607086;0
1.0-1101.0;2025-04;30;3,9999999999999716;-10,705647826195442;0
1.0-1101.0;2025-05;31;14,999999999999819;-1,0927891731269228;0
1.0-1101.0;2025-06;30;22,999999999999957;6,3319208621971965;1
1.0-1101.0;2025-07;31;13,99999999999995;-1,0786474943168032;0
1.0-1101.0;2025-08;31;0,0;-13,67162847518991;0
1.0-1101.0;2025-09;30;0,0;-13,926533460617744;0
1.0-1101.0;2025-10;31;32,000000000000064;13,308013558387055;1
1.0-1101.0;2025-11;30;0,0;-12,285257577896797;0
1.0-1101.0;2025-12;31;43,999999999999986;23,665137290953886;1
1.0-1102.0;2025-01;24;102,99999999999999;103,74540388584082;0
1.0-1102.0;2025-02;28;217,99999999999997;167,3951547145837;1
1.0-1102.0;2025-03;31;181,99999999999974;154,79367005824972;0
1.0-1102.0;2025-04;30;140,0;117,05316996574334;2
1.0-1102.0;2025-05;31;0,9999999999999685;-6,40443527698587;0
1.0-1102.0;2025-06;30;0,0;-13,674927234650337;0
1.0-1102.0;2025-07;31;11,000000000000044;-4,75143599510263;0
1.0-1102.0;2025-08;31;0,0;-13,721150636673675;0
1.0-1102.0;2025-09;30;71,00000000000001;46,315703988074574;1
1.0-1102.0;2025-10;31;0,0;-10,656874895096527;0
1.0-1102.0;2025-11;30;8,00000000000004;-7,062562108040535;0
1.0-1102.0;2025-12;31;44,99999999999995;25,05964350700308;1
1.0-1103.0;2025-01;24;0,0;-11,075617790222712;0
1.0-1103.0;2025-02;28;0,0;-12,921554088593163;0
1.0-1103.0;2025-03;31;170,99999999999997;128,97574853897024;1
1.0-1103.0;2025-04;30;0,0;10,885699152945792;0
1.0-1103.0;2025-05;31;0,0;-14,306006312371002;0
1.0-1103.0;2025-06;30;0,0;-13,844522237778389;0
1.0-1103.0;2025-07;31;21,00000000000002;3,8865537643425596;0
1.0-1103.0;2025-08;31;0,0;-13,227979302407013;0
1.0-1103.0;2025-09;30;0,0;-13,844522237778389;0
1.0-1103.0;2025-10;31;0,0;-14,306006312371002;0
1.0-1103.0;2025-11;30;21,00000000000002;1,8020625114434123;0
1.0-1103.0;2025-12;31;43,000000000000014;26,057814717292082;1
1.0-1104.0;2025-01;24;26,99999999999993;9,068546533584051;0
1.0-1104.0;2025-02;28;69,99999999999984;39,77801656722959;0
1.0-1104.0;2025-03;31;33,99999999999991;24,566051602362883;1
1.0-1104.0;2025-04;30;2,9999999999999054;-9,372387170792305;0
1.0-1104.0;2025-05;31;0,0;-14,106235384941803;0
1.0-1104.0;2025-06;30;0,0;-13,800362348557197;0
1.0-1104.0;2025-07;31;0,9999999999999685;-13,64497482776712;0
1.0-1104.0;2025-08;31;0,0;-13,958878040314422;0
1.0-1104.0;2025-09;30;12,000000000000012;-3,659254074097359;0
1.0-1104.0;2025-10;31;1,999999999999937;-11,911646604538666;0
1.0-1104.0;2025-11;30;21,99999999999999;4,8874193429940105;0
1.0-1104.0;2025-12;31;0,9999999999999685;-12,265241146088348;0
1.0-1105.0;2025-01;24;0,0;-11,052906990051813;0
1.0-1105.0;2025-02;28;24,999999999999993;5,60210001468595;1
1.0-1105.0;2025-03;31;0,0;-11,446390628815399;0
1.0-1105.0;2025-04;30;0,0;-13,817710876465522;0
1.0-1105.0;2025-05;31;44,99999999999995;20,213358521460783;1
1.0-1105.0;2025-06;30;0,0;-7,04132330417701;0
1.0-1105.0;2025-07;31;0,0;-14,278301239014374;0
1.0-1105.0;2025-08;31;0,0;-14,278301239014374;0
1.0-1105.0;2025-09;30;0,0;-13,817710876465522;0
1.0-1105.0;2025-10;31;0,0;-14,278301239014374;0
1.0-1105.0;2025-11;30;0,0;-13,817710876465522;0
1.0-1105.0;2025-12;31;0,0;-14,278301239014374;0
1.0-1106.0;2025-01;24;1360,0;1184,0480675697322;0
1.0-1106.0;2025-02;28;1742,0;1490,457556843757;0
1.0-1106.0;2025-03;31;1463,9999999999998;1433,3400650024407;0
1.0-1106.0;2025-04;30;1476,0000000000002;1338,8769757747643;0
1.0-1106.0;2025-05;29;1530,9999999999995;1497,0677007436745;0
1.0-1106.0;2025-06;30;1598,0;1481,8927724361413;0
1.0-1106.0;2025-07;31;2121,0;1889,082738876342;0
1.0-1106.0;2025-08;29;1678,0000000000002;1698,4236527681344;0
1.0-1106.0;2025-09;29;1823,0;1632,9070948362344;0
1.0-1106.0;2025-10;29;1832,9999999999998;1694,619225740432;0
1.0-1106.0;2025-11;30;1613,0000000000002;1518,4502738714211;0
1.0-1106.0;2025-12;31;1648,9999999999998;1564,2980039119714;0
1.0-1107.0;2025-01;24;113,00000000000006;78,66064167022651;0
1.0-1107.0;2025-02;28;128,00000000000017;92,66248047351773;0
1.0-1107.0;2025-03;31;145,9999999999999;123,51763880252767;1
1.0-1107.0;2025-04;30;191,00000000000006;148,2129135131829;0
1.0-1107.0;2025-05;31;107,99999999999983;88,46677815914083;0
1.0-1107.0;2025-06;30;99,99999999999997;81,51266026496819;0
1.0-1107.0;2025-07;31;37,99999999999997;21,98143637180258;0
1.0-1107.0;2025-08;31;151,99999999999991;115,48379838466573;0
1.0-1107.0;2025-09;29;92,00000000000003;207,61418116092614;0
1.0-1107.0;2025-10;31;181,99999999999991;158,05729615688253;1
1.0-1107.0;2025-11;30;112,99999999999996;91,9879642724984;1
1.0-1107.0;2025-12;31;197,00000000000006;161,5260554552071;1
1.0-1108.0;2025-01;24;34,99999999999997;6,954234123229437;1
1.0-1108.0;2025-02;28;129,00000000000006;98,49968183040555;3
1.0-1108.0;2025-03;31;49,99999999999999;37,16460514068533;1
1.0-1108.0;2025-04;29;36,000000000000036;116,93305778503351;0
1.0-1108.0;2025-05;31;101,00000000000004;82,02495431899953;2
1.0-1108.0;2025-06;30;122,99999999999994;100,96745717525414;2
1.0-1108.0;2025-07;31;19,999999999999957;10,854143142699494;0
1.0-1108.0;2025-08;31;31,999999999999968;10,986359953879607;1
1.0-1108.0;2025-09;30;46,00000000000002;29,982748389243397;1
1.0-1108.0;2025-10;31;9,999999999999979;-3,3169755935675966;0
1.0-1108.0;2025-11;30;0,0;-13,35923659801551;0
1.0-1108.0;2025-12;31;40,99999999999998;21,160009860991728;1
1.0-1109.0;2025-01;24;0,0;-11,117254257202692;0
1.0-1109.0;2025-02;28;3,000000000000003;-10,564309716225305;0
1.0-1109.0;2025-03;31;0,0;-14,205752849579559;0
1.0-1109.0;2025-04;30;0,0;-13,896567821503364;0
1.0-1109.0;2025-05;31;6,000000000000006;-9,159276366234527;0
1.0-1109.0;2025-06;30;0,0;-13,58844745159217;0
1.0-1109.0;2025-07;31;0,0;-14,35978674888681;0
1.0-1109.0;2025-08;31;0,0;-14,35978674888681;0
1.0-1109.0;2025-09;30;0,0;-13,896567821503364;0
1.0-1109.0;2025-10;31;0,0;-14,35978674888681;0
1.0-1109.0;2025-11;30;0,0;-13,896567821503364;0
1.0-1109.0;2025-12;31;0,0;-14,35978674888681;0
1.0-111.0;2025-01;24;703,9999999999998;656,0740617513651;0
1.0-111.0;2025-02;28;816,0000000000002;699,1654390096658;0
1.0-111.0;2025-03;31;988,0;889,0131264924996;0
1.0-111.0;2025-04;30;999,0;975,6232470273965;2
1.0-111.0;2025-05;31;671,0000000000001;656,0116195678704;0
1.0-111.0;2025-06;30;627,0000000000001;567,6530041694634;0
1.0-111.0;2025-07;31;698,9999999999999;686,3875250816338;0
1.0-111.0;2025-08;31;541,9999999999999;501,6035177707665;0
1.0-111.0;2025-09;30;750,9999999999999;695,4877349138253;1
1.0-111.0;2025-10;31;962,0;889,2892309427255;1
1.0-111.0;2025-11;30;921,0000000000002;869,8599443435662;0
1.0-111.0;2025-12;31;688,0000000000001;695,2894227504723;1
1.0-1110.0;2025-01;24;93,0;57,960798740386416;2
1.0-1110.0;2025-02;28;0,0;0,07117903232511003;0
1.0-1110.0;2025-03;31;33,000000000000036;11,487416982650053;1
1.0-1110.0;2025-04;30;42,00000000000004;20,750019550322808;2
1.0-1110.0;2025-05;31;43,000000000000014;24,93615353107382;1
1.0-1110.0;2025-06;30;84,0;64,35927700996331;1
1.0-1110.0;2025-07;31;37,99999999999997;22,84807419776846;1
1.0-1110.0;2025-08;31;9,999999999999979;-3,708684325218903;0
1.0-1110.0;2025-09;29;0,9999999999999685;100,21307229995662;0
1.0-1110.0;2025-10;31;55,00000000000002;39,79217112064291;1
1.0-1110.0;2025-11;30;10,999999999999947;0,7778685092919231;0
1.0-1110.0;2025-12;31;0,9999999999999685;-11,908860325813995;0
1.0-112.0;2025-01;24;0,0;-11,0730943679815;0
1.0-112.0;2025-02;28;0,0;-12,918610095978417;0
1.0-112.0;2025-03;31;0,0;-14,302746891976104;0
1.0-112.0;2025-04;30;0,0;-13,841367959976875;0
1.0-112.0;2025-05;31;0,0;-14,302746891976104;0
1.0-112.0;2025-06;30;0,0;-13,841367959976875;0
1.0-112.0;2025-07;31;0,0;-14,302746891976104;0
1.0-112.0;2025-08;31;0,0;-14,302746891976104;0
1.0-112.0;2025-09;30;0,0;-13,841367959976875;0
1.0-112.0;2025-10;31;0,0;-14,302746891976104;0
1.0-112.0;2025-11;30;0,0;-13,841367959976875;0
1.0-112.0;2025-12;31;0,0;-14,302746891976104;0
1.0-113.0;2025-01;24;0,0;-11,037766456604547;0
1.0-113.0;2025-02;28;0,0;-12,877394199371972;0
1.0-113.0;2025-03;31;0,0;-14,25711500644754;0
1.0-113.0;2025-04;30;0,0;-13,797208070755683;0
1.0-113.0;2025-05;31;0,0;-14,25711500644754;0
1.0-113.0;2025-06;30;0,0;-13,797208070755683;0
1.0-113.0;2025-07;31;0,0;-14,25711500644754;0
1.0-113.0;2025-08;31;0,0;-14,25711500644754;0
1.0-113.0;2025-09;30;0,0;-13,797208070755683;0
1.0-113.0;2025-10;31;0,0;-14,25711500644754;0
1.0-113.0;2025-11;30;0,0;-13,797208070755683;0
1.0-113.0;2025-12;31;0,0;-14,25711500644754;0
1.0-114.0;2025-01;24;10,999999999999654;-1,1181410551076603;0
1.0-114.0;2025-02;28;7,999999999999748;-5,400126099587121;0
1.0-114.0;2025-03;31;19,999999999999762;3,365887641906036;0
1.0-114.0;2025-04;30;4,999999999999842;-8,553746938706123;0
1.0-114.0;2025-05;31;12,999999999999687;-2,885154962540375;0
1.0-114.0;2025-06;30;18,99999999999979;2,9539521932595134;0
1.0-114.0;2025-07;31;8,999999999999716;-5,642256617546783;0
1.0-114.0;2025-08;31;8,999999999999716;-5,742404937744842;0
1.0-114.0;2025-09;30;8,999999999999716;-5,950731754303658;0
1.0-114.0;2025-10;31;1,999999999999937;-11,66482436657022;0
1.0-114.0;2025-11;30;0,9999999999999685;-12,863173842430793;0
1.0-114.0;2025-12;31;0,9999999999999685;-13,353256702423797;0
1.0-115.0;2025-01;24;594,9999999999999;473,18603825569096;0
1.0-115.0;2025-02;27;651,9999999999998;692,644561171531;0
1.0-115.0;2025-03;30;1051,0;1040,8181737661355;0
1.0-115.0;2025-04;30;1306,0;1229,905036568641;0
1.0-115.0;2025-05;29;1414,0;1438,9009255170815;0
1.0-115.0;2025-06;28;1160,0;1260,3308061361306;0
1.0-115.0;2025-07;30;840,0;944,4619263410561;0
1.0-115.0;2025-08;30;773,0000000000001;910,0108516216271;0
1.0-115.0;2025-09;29;1062,0;1101,3936738967889;0
1.0-115.0;2025-10;31;1104,0;1060,8466154336923;0
1.0-115.0;2025-11;29;865,0000000000001;929,6632246971124;0
1.0-115.0;2025-12;33;1175,0000000000002;888,8840900659553;0
1.0-116.0;2025-01;23;1064,0;928,8405632972712;0
1.0-116.0;2025-02;28;1845,0;1550,292209029197;0
1.0-116.0;2025-03;31;1410,0;1384,098581671714;0
1.0-116.0;2025-04;30;1292,0000000000002;1192,4039329290383;0
1.0-116.0;2025-05;31;1796,0;1611,7547442913049;0
1.0-116.0;2025-06;28;1324,0;1436,2289500236504;0
1.0-116.0;2025-07;31;1468,0;1436,3929853439324;0
1.0-116.0;2025-08;31;1438,0;1336,278153061866;0
1.0-116.0;2025-09;30;1519,9999999999995;1413,993105053901;0
1.0-116.0;2025-10;31;1376,0;1297,6843550205224;0
1.0-116.0;2025-11;28;1355,0;1327,474918842315;0
1.0-116.0;2025-12;29;2255,0;2024,2892535924905;0
1.0-117.0;2025-01;24;376,00000000000006;368,37900745868626;0
1.0-117.0;2025-02;28;493,0;427,43024182319573;0
1.0-117.0;2025-03;30;484,99999999999994;524,6172995567315;0
1.0-117.0;2025-04;30;448,00000000000006;402,25750136375353;0
1.0-117.0;2025-05;31;466,0;413,71782052516863;0
1.0-117.0;2025-06;30;522,0;456,83402502536705;0
1.0-117.0;2025-07;31;420,99999999999983;381,7179876565926;0
1.0-117.0;2025-08;31;569,0;514,7029706239693;1
1.0-117.0;2025-09;30;682,9999999999999;598,0804821252816;0
1.0-117.0;2025-10;31;763,0;718,9881953001016;0
1.0-117.0;2025-11;30;1005,9999999999998;910,2565172910683;1
1.0-117.0;2025-12;31;855,0;836,7457970380776;0
1.0-118.0;2025-01;24;0,0;-11,057953834534235;0
1.0-118.0;2025-02;28;0,0;-12,90094614028994;0
1.0-118.0;2025-03;31;2,0000000000000346;-12,549021005631195;0
1.0-118.0;2025-04;30;0,0;-13,719455122948371;0
1.0-118.0;2025-05;31;0,0;-14,28319036960672;0
1.0-118.0;2025-06;30;0,0;-13,822442293167793;0
1.0-118.0;2025-07;31;0,0;-14,28319036960672;0
1.0-118.0;2025-08;31;82,99999999999993;57,9404661655419;1
1.0-118.0;2025-09;30;193,0;113,84006488323143;1
1.0-118.0;2025-10;31;223,0000000000001;274,99809765815667;2
1.0-118.0;2025-11;30;50,99999999999996;41,143844962119374;0
1.0-118.0;2025-12;31;59,99999999999997;36,92114746570517;0
1.0-119.0;2025-01;58;1027,0000000000002;901,3285943269716;2
1.0-119.0;2025-02;25;864,0000000000001;673,3553903102869;2
1.0-119.0;2025-03;60;801,0000000000005;1499,1047962903963;0
1.0-119.0;2025-04;60;994,0;887,971042513846;0
1.0-119.0;2025-05;62;857,0000000000001;767,013714909552;0
1.0-119.0;2025-06;60;604,9999999999998;521,6423134803758;0
1.0-119.0;2025-07;62;820,0;710,4270751476273;0
1.0-119.0;2025-08;62;578,0000000000001;507,71594023704387;0
1.0-119.0;2025-09;60;1059,0;915,7152289152132;1
1.0-119.0;2025-10;62;1023,0;924,2411102056489;1
1.0-119.0;2025-11;60;649,9999999999998;579,1626720428453;0
1.0-119.0;2025-12;62;675,9999999999998;591,0391323566422;0
1.0-120.0;2025-01;23;945,0;834,567138075828;2
1.0-120.0;2025-02;28;750,9999999999999;705,8679113388055;0
1.0-120.0;2025-03;31;818,0;748,9556744098655;0
1.0-120.0;2025-04;30;891,0000000000002;823,5115646123879;0
1.0-120.0;2025-05;31;919,0000000000003;877,7172371149055;0
1.0-120.0;2025-06;30;671,9999999999998;616,7067553997033;0
1.0-120.0;2025-07;30;1014,0000000000002;1065,5084935426705;0
1.0-120.0;2025-08;31;930,9999999999999;879,8600431680671;0
1.0-120.0;2025-09;30;768,0000000000001;720,6744328737252;0
1.0-120.0;2025-10;31;936,9999999999997;882,3154907226555;1
1.0-120.0;2025-11;30;749,9999999999999;706,3516459465019;0
1.0-120.0;2025-12;31;742,9999999999999;704,7667658329002;0
1.0-1201.0;2025-01;24;27,000000000000032;9,658764481543951;1
1.0-1201.0;2025-02;28;116,00000000000006;81,14358365535672;3
1.0-1201.0;2025-03;31;5,000000000000038;-4,021746397019134;0
1.0-1201.0;2025-04;30;0,0;-13,543604135513984;0
1.0-1201.0;2025-05;31;0,0;-14,260374426842438;0
1.0-1201.0;2025-06;30;6,000000000000006;-9,318081021309577;0
1.0-1201.0;2025-07;31;0,0;-13,362982392311798;0
1.0-1201.0;2025-08;31;11,000000000000044;-4,729356050492035;0
1.0-1201.0;2025-09;30;32,99999999999994;12,509258508681572;0
1.0-1201.0;2025-10;31;6,999999999999975;-4,398998022080169;0
1.0-1201.0;2025-11;30;0,0;-13,440722107887947;0
1.0-1201.0;2025-12;31;0,0;-14,260374426842438;0
1.0-1202.0;2025-01;24;46,000000000000114;28,712915539740973;0
1.0-1202.0;2025-02;28;30,000000000000032;13,828403949736915;0
1.0-1202.0;2025-03;31;159,99999999999994;126,18594753742147;0
1.0-1202.0;2025-04;30;21,00000000000002;11,903479456900872;0
1.0-1202.0;2025-05;30;74,99999999999989;206,27112901210717;0
1.0-1202.0;2025-06;29;179,00000000000023;284,8539279699319;0
1.0-1202.0;2025-07;31;61,00000000000003;70,47109758853841;0
1.0-1202.0;2025-08;31;393,0000000000001;304,1184954643242;1
1.0-1202.0;2025-09;30;2052,0;1783,761363744735;6
1.0-1202.0;2025-10;31;240,99999999999994;309,1686519384377;0
1.0-1202.0;2025-11;30;2,0000000000000346;6,817627072333609;0
1.0-1202.0;2025-12;31;0,0;-14,310527443886505;0
1.0-1203.0;2025-01;24;473,99999999999983;410,4354665279383;1
1.0-1203.0;2025-02;28;260,9999999999999;219,37675917148525;0
1.0-1203.0;2025-03;31;473,00000000000006;403,70535421371386;0
1.0-1203.0;2025-04;30;666,0;584,3525919914239;0
1.0-1203.0;2025-05;31;1255,0000000000002;1199,2958589792245;2
1.0-1203.0;2025-06;30;490,99999999999994;487,406231760978;0
1.0-1203.0;2025-07;31;354,9999999999999;319,3227978944771;0
1.0-1203.0;2025-08;31;332,0;296,95528829097674;0
1.0-1203.0;2025-09;30;476,99999999999994;406,13836705684594;1
1.0-1203.0;2025-10;31;353,9999999999999;318,10256552696154;0
1.0-1203.0;2025-11;30;284,00000000000017;241,13940954208306;1
1.0-1203.0;2025-12;31;140,99999999999994;131,07239699363637;0
1.0-1204.0;2025-01;23;1405,0;1168,7374266386028;0
1.0-1204.0;2025-02;26;1734,0;1538,1506842374795;0
1.0-1204.0;2025-03;31;1447,0000000000002;1400,817726016044;0
1.0-1204.0;2025-04;29;2022,0;1749,3428964614861;0
1.0-1204.0;2025-05;31;1306,0;1306,3674509525292;0
1.0-1204.0;2025-06;30;1566,0;1406,6540994644158;0
1.0-1204.0;2025-07;26;2088,0;1779,280659914016;0
1.0-1204.0;2025-08;27;1409,0;1479,5000821351998;0
1.0-1204.0;2025-09;24;1655,0;1468,8460754156106;0
1.0-1204.0;2025-10;29;2011,0;1839,6114928722375;0
1.0-1204.0;2025-11;28;1419,0000000000002;1475,4718984365456;0
1.0-1204.0;2025-12;31;1864,0;1759,3031855821603;0
1.0-1205.0;2025-01;9;745,9999999999999;613,7289218902586;0
1.0-1205.0;2025-02;18;1443,0000000000002;1182,3496209383006;0
1.0-1205.0;2025-03;17;888,0000000000001;935,3305166959758;0
1.0-1205.0;2025-04;20;1586,0;1444,514187097549;0
1.0-1205.0;2025-05;1;74,35960591133008;41,76330828666685;0
1.0-1205.0;2025-06;16;1170,0;840,8502892255779;0
1.0-1205.0;2025-07;18;1482,0000000000002;1217,9896481037135;0
1.0-1205.0;2025-08;22;1722,0;1561,053107142448;0
1.0-1205.0;2025-09;15;1190,0;923,0674996376034;0
1.0-1205.0;2025-10;20;1740,0000000000002;1430,6339979171748;0
1.0-1205.0;2025-11;19;1480,0;1301,4220175743098;0
1.0-1205.0;2025-12;22;1186,0;1299,0839745998378;0
1.0-1206.0;2025-01;15;1290,0;1018,2022004127498;0
1.0-1206.0;2025-02;21;1934,0;1594,6401332616801;0
1.0-1206.0;2025-03;28;2530,0;2150,5202575922003;0
1.0-1206.0;2025-04;1;71,45245901639339;99,63747167587277;0
1.0-1206.0;2025-05;31;2655,0;2324,251530647277;0
1.0-1206.0;2025-06;29;1727,9999999999998;1627,5657985210412;0
1.0-1206.0;2025-07;30;1259,0;1275,8933554887765;0
1.0-1206.0;2025-08;27;2066,0;1892,7795002460473;0
1.0-1206.0;2025-09;29;2633,0;2136,828943848609;0
1.0-1206.0;2025-10;30;1895,0;1793,9982569217675;0
1.0-1206.0;2025-11;29;1863,0;1693,2509000301354;0
1.0-1206.0;2025-12;29;1394,9999999999998;1508,882573962211;0
1.0-1207.0;2025-01;24;26,999999999999932;9,411626815795355;0
1.0-1207.0;2025-02;28;50,000000000000085;27,976391315459573;0
1.0-1207.0;2025-03;31;59,00000000000009;37,24745750427176;0
1.0-1207.0;2025-04;30;45,99999999999982;29,892378330230034;0
1.0-1207.0;2025-05;31;69,00000000000007;45,29312646388937;0
1.0-1207.0;2025-06;30;73,00000000000014;51,225389957427296;0
1.0-1207.0;2025-07;31;66,00000000000017;48,23075795173575;0
1.0-1207.0;2025-08;31;50,99999999999986;33,03171265125204;0
1.0-1207.0;2025-09;30;120,00000000000013;85,64613103866509;0
1.0-1207.0;2025-10;31;92,00000000000013;75,47346675395895;0
1.0-1207.0;2025-11;30;69,99999999999994;49,41120707988671;0
1.0-1207.0;2025-12;31;69,00000000000007;50,75428533554007;0
1.0-1208.0;2025-01;24;526,9999999999999;442,0760797262186;0
1.0-1208.0;2025-02;28;691,9999999999999;590,4555151462548;0
1.0-1208.0;2025-03;31;718,9999999999999;657,4062309265129;0
1.0-1208.0;2025-04;30;632,9999999999999;590,4530704021447;0
1.0-1208.0;2025-05;31;728,0;679,7595988512032;0
1.0-1208.0;2025-06;30;909,0000000000002;805,2820994853967;2
1.0-1208.0;2025-07;31;1109,0;1063,8214148282998;0
1.0-1208.0;2025-08;31;878,0;840,5028047561639;0
1.0-1208.0;2025-09;30;1023,0;931,615393996238;1
1.0-1208.0;2025-10;31;883,0;863,3811496496194;1
1.0-1208.0;2025-11;30;787,9999999999999;721,9498125314706;0
1.0-1208.0;2025-12;31;628,9999999999999;629,5864995717995;0
1.0-121.0;2025-01;24;289,0;242,0819345712656;0
1.0-121.0;2025-02;28;362,9999999999999;289,83123385906157;1
1.0-121.0;2025-03;31;351,9999999999999;303,0576592683785;0
1.0-121.0;2025-04;30;314,99999999999994;272,1228815317147;0
1.0-121.0;2025-05;31;252,00000000000017;214,77562701702047;0
1.0-121.0;2025-06;30;269,00000000000006;222,23976552486351;0
1.0-121.0;2025-07;31;535,0;467,6040830612175;1
1.0-121.0;2025-08;31;435,9999999999998;390,2170314788811;0
1.0-121.0;2025-09;30;614,9999999999999;540,220775842666;1
1.0-121.0;2025-10;31;435,99999999999983;392,9713994264595;1
1.0-121.0;2025-11;30;275,9999999999999;248,5544332265847;0
1.0-121.0;2025-12;31;96,99999999999997;93,25181758403707;0
1.0-1210.0;2025-01;24;304,0000000000001;348,97073614597264;0
1.0-1210.0;2025-02;28;779,0;646,6260530948632;0
1.0-1210.0;2025-03;31;836,0000000000001;763,8626335859292;1
1.0-1210.0;2025-04;30;761,0;704,6573781967156;1
1.0-1210.0;2025-05;31;795,0000000000001;756,2792766094201;0
1.0-1210.0;2025-06;30;851,0;788,158366441726;0
1.0-1210.0;2025-07;31;906,0000000000001;853,2491887807838;0
1.0-1210.0;2025-08;31;759,0000000000001;735,546313762664;1
1.0-1210.0;2025-09;30;909,9999999999999;827,9436403512948;1
1.0-1210.0;2025-10;31;625,9999999999999;638,8116055726998;1
1.0-1210.0;2025-11;30;217,0;189,8480136394494;0
1.0-1210.0;2025-12;31;532,0;483,00221586227343;0
1.0-122.0;2025-01;7;625,0;530,8106603622434;0
1.0-122.0;2025-02;19;1528,0;1298,5225528478618;0
1.0-122.0;2025-03;20;1025,0;1127,6453751325603;0
1.0-122.0;2025-04;29;2220,0;1882,2426087856286;0
1.0-122.0;2025-05;30;2521,0;2168,3952605724326;0
1.0-122.0;2025-06;26;1970,0;1751,2576879262917;0
1.0-122.0;2025-07;21;1900,0;1537,0040652751918;0
1.0-122.0;2025-08;27;2157,0;1932,3819311857217;0
1.0-122.0;2025-09;28;2290,0;1927,507507324218;0
1.0-122.0;2025-10;31;2125,0;1910,1722928285592;0
1.0-122.0;2025-11;25;1353,0000000000002;1459,6764714717858;0
1.0-122.0;2025-12;31;1220,0;1287,9676548242562;0
1.0-123.0;2025-01;17;1281,0000000000002;1107,5668594837184;0
1.0-123.0;2025-02;19;1488,9999999999998;1293,1358875036235;0
1.0-123.0;2025-03;23;1276,0;1347,3715385198589;0
1.0-123.0;2025-04;21;1556,0;1322,3858470916743;0
1.0-123.0;2025-05;19;1268,0;1161,4694452285762;0
1.0-123.0;2025-06;19;988,0;1045,457210540771;0
1.0-123.0;2025-07;18;1093,0;923,232270956039;0
1.0-123.0;2025-08;19;1238,0;1122,5645828247066;0
1.0-123.0;2025-09;22;1661,9999999999998;1509,891089200973;0
1.0-123.0;2025-10;20;1415,9999999999998;1229,8490227460857;0
1.0-123.0;2025-11;21;1507,0000000000002;1353,6147744655605;0
1.0-123.0;2025-12;19;1081,0;1076,2070031166072;0
1.0-124.0;2025-01;24;767,0;677,8649168014521;5
1.0-124.0;2025-02;27;1038,0;1020,0224279165262;0
1.0-124.0;2025-03;30;1132,0;1295,1949596405022;2
1.0-124.0;2025-04;30;366,9999999999999;459,2365858554833;0
1.0-124.0;2025-05;31;0,0;6,160314917563689;0
1.0-124.0;2025-06;30;0,9999999999999685;-13,067518472672187;0
1.0-124.0;2025-07;31;27,00000000000003;9,061829924582732;0
1.0-124.0;2025-08;31;0,0;-12,990619897843109;0
1.0-124.0;2025-09;30;41,99999999999994;18,385993480681694;0
1.0-124.0;2025-10;31;0,0;-9,077895998955475;0
1.0-124.0;2025-11;30;0,0;-13,912339210510932;0
1.0-124.0;2025-12;31;0,0;-14,376083850861297;0
1.0-125.0;2025-01;24;0,0;-11,052906990051813;0
1.0-125.0;2025-02;28;0,0;-12,895058155060449;0
1.0-125.0;2025-03;31;0,0;-14,276671528816925;0
1.0-125.0;2025-04;30;0,0;-13,816133737564765;0
1.0-125.0;2025-05;31;0,0;-14,276671528816925;0
1.0-125.0;2025-06;28;0,0;524,2802388668053;0
1.0-125.0;2025-07;31;0,0;35,277137875556235;0
1.0-125.0;2025-08;31;0,0;-14,279930949211822;0
1.0-125.0;2025-09;30;0,0;-13,81928801536628;0
1.0-125.0;2025-10;31;0,0;-14,279930949211822;0
1.0-125.0;2025-11;30;0,0;-13,81928801536628;0
1.0-125.0;2025-12;31;0,0;-14,279930949211822;0
1.0-126.0;2025-01;24;0,0;-11,041551589966364;0
1.0-126.0;2025-02;28;0,0;-12,881810188294091;0
1.0-126.0;2025-03;31;0,0;-14,262004137039886;0
1.0-126.0;2025-04;30;0,0;-13,801939487457954;0
1.0-126.0;2025-05;31;0,0;-14,262004137039886;0
1.0-126.0;2025-06;30;0,0;-13,801939487457954;0
1.0-126.0;2025-07;31;0,0;-14,262004137039886;0
1.0-126.0;2025-08;31;0,0;-14,262004137039886;0
1.0-126.0;2025-09;30;0,0;-13,801939487457954;0
1.0-126.0;2025-10;31;0,0;-14,262004137039886;0
1.0-126.0;2025-11;30;0,0;-13,801939487457954;0
1.0-126.0;2025-12;31;0,0;-14,262004137039886;0
1.0-127.0;2025-01;23;494,9999999999999;421,47676634788456;2
1.0-127.0;2025-02;28;523,9999999999998;508,9991823434823;1
1.0-127.0;2025-03;31;419,99999999999994;427,547804117202;2
1.0-127.0;2025-04;29;179,00000000000003;302,62870395183495;1
1.0-127.0;2025-05;31;511,00000000000006;436,7629741430275;1
1.0-127.0;2025-06;29;450,0;526,6426745653146;1
1.0-127.0;2025-07;29;482,99999999999994;682,2158614397042;1
1.0-127.0;2025-08;30;413,0;540,414080500602;0
1.0-127.0;2025-09;29;759,9999999999999;792,2360723018639;3
1.0-127.0;2025-10;30;240,00000000000006;371,2786556482308;0
1.0-127.0;2025-11;30;72,00000000000009;78,47230446338585;0
1.0-127.0;2025-12;30;285,0;401,88950228691033;0
1.0-128.0;2025-01;24;0,0;-11,09832859039361;0
1.0-128.0;2025-02;28;0,0;-12,948050022125878;0
1.0-128.0;2025-03;31;0,0;-14,335341095925079;0
1.0-128.0;2025-04;30;0,0;-13,872910737992012;0
1.0-128.0;2025-05;31;0,0;-14,335341095925079;0
1.0-128.0;2025-06;30;0,9999999999999685;-13,025776863098823;0
1.0-128.0;2025-07;31;0,0;-14,283505797386871;0
1.0-128.0;2025-08;31;0,0;-14,335341095925079;0
1.0-128.0;2025-09;30;0,0;-13,872910737992012;0
1.0-128.0;2025-10;31;0,0;-14,335341095925079;0
1.0-128.0;2025-11;30;0,0;-13,872910737992012;0
1.0-128.0;2025-12;31;0,0;-14,335341095925079;0
1.0-129.0;2025-01;23;775,0;687,6418243646616;1
1.0-129.0;2025-02;28;608,9999999999999;586,3930681943887;1
1.0-129.0;2025-03;31;546,0;484,36228787898943;0
1.0-129.0;2025-04;30;563,0;533,6601934432977;0
1.0-129.0;2025-05;31;614,9999999999999;549,4220538139335;1
1.0-129.0;2025-06;30;425,9999999999999;380,214566946029;0
1.0-129.0;2025-07;31;501,00000000000006;455,7098271846764;0
1.0-129.0;2025-08;31;398,99999999999983;352,29940545558856;0
1.0-129.0;2025-09;30;379,99999999999983;333,6495409011834;0
1.0-129.0;2025-10;31;481,9999999999999;417,77600920200274;0
1.0-129.0;2025-11;29;308,99999999999994;355,8081454038613;0
1.0-129.0;2025-12;31;210,99999999999991;201,08600878715444;0
1.0-130.0;2025-01;24;0,0;-11,049121856689997;0
1.0-130.0;2025-02;28;0,0;-12,89064216613833;0
1.0-130.0;2025-03;31;37,00000000000001;17,512508153914702;1
1.0-130.0;2025-04;30;233,99999999999957;171,43370783328942;1
1.0-130.0;2025-05;31;435,99999999999994;372,90525090694354;0
1.0-130.0;2025-06;30;311,99999999999966;266,58486342430047;0
1.0-130.0;2025-07;31;89,9999999999999;89,69878649711538;0
1.0-130.0;2025-08;31;487,9999999999996;413,69495201110766;1
1.0-130.0;2025-09;30;462,9999999999999;392,8053925037377;0
1.0-130.0;2025-10;31;458,99999999999983;412,17085754871295;0
1.0-130.0;2025-11;30;491,99999999999994;430,6062051057809;1
1.0-130.0;2025-12;31;337,9999999999997;317,9551030397408;0
1.0-1301.0;2025-01;24;541,9999999999999;451,74567604064885;0
1.0-1301.0;2025-02;27;1504,0000000000002;1286,9794199466699;2
1.0-1301.0;2025-03;31;1199,0;1213,3172020912164;1
1.0-1301.0;2025-04;30;1127,0;1051,9660749435418;0
1.0-1301.0;2025-05;30;947,0000000000001;1024,5772179365151;0
1.0-1301.0;2025-06;29;725,0;783,8193551301949;0
1.0-1301.0;2025-07;31;784,9999999999999;746,1145638227456;0
1.0-1301.0;2025-08;30;890,0;921,9040560722344;0
1.0-1301.0;2025-09;30;882,0000000000001;827,5761144161218;1
1.0-1301.0;2025-10;30;1115,0;1116,4778902530663;0
1.0-1301.0;2025-11;29;872,9999999999999;940,6606668233865;0
1.0-1301.0;2025-12;31;1000,9999999999999;976,9376213550561;1
1.0-1303.0;2025-01;24;540,0000000000001;440,45047008991185;0
1.0-1303.0;2025-02;27;597,9999999999998;670,3628479242318;1
1.0-1303.0;2025-03;31;8,00000000000004;37,34460926055838;0
1.0-1303.0;2025-04;30;8,00000000000004;-7,924678802490914;0
1.0-1303.0;2025-05;31;0,0;-12,575832366944061;0
1.0-1303.0;2025-06;29;1132,9999999999998;983,8482499122613;0
1.0-1303.0;2025-07;31;1971,9999999999998;1781,1488199234002;0
1.0-1303.0;2025-08;1;32,667673716012054;53,40742993354795;0
1.0-1303.0;2025-09;30;1924,9999999999998;1710,1400992870324;2
1.0-1303.0;2025-10;31;1958,0;1751,5296782255166;0
1.0-1303.0;2025-11;30;1789,0;1659,8697431087487;0
1.0-1303.0;2025-12;30;811,9999999999998;971,5602743625634;0
1.0-1304.0;2025-01;24;741,9999999999999;712,2661539316172;0
1.0-1304.0;2025-02;28;1469,0;1262,2495533227914;0
1.0-1304.0;2025-03;30;1205,0;1197,1732535362237;0
1.0-1304.0;2025-04;30;1176,0;1162,5097382068627;0
1.0-1304.0;2025-05;31;1453,9999999999998;1337,1007361412042;0
1.0-1304.0;2025-06;30;1559,0000000000002;1399,8326057195657;0
1.0-1304.0;2025-07;30;1283,0;1340,6871632337563;0
1.0-1304.0;2025-08;30;1600,0;1495,0911644697183;0
1.0-1304.0;2025-09;29;1020,9999999999999;1228,0665264129632;0
1.0-1304.0;2025-10;30;1635,0;1499,4581569433205;0
1.0-1304.0;2025-11;30;1489,0;1466,7866206169122;0
1.0-1304.0;2025-12;31;697,9999999999999;755,8934032917016;0
1.0-1305.0;2025-01;24;160,00000000000006;101,56900477409309;2
1.0-1305.0;2025-02;28;99,99999999999997;91,27706909179624;1
1.0-1305.0;2025-03;31;207,99999999999997;174,69101214408803;2
1.0-1305.0;2025-04;30;9,999999999999979;11,621329307555472;0
1.0-1305.0;2025-05;31;111,00000000000003;82,95762169361043;1
1.0-1305.0;2025-06;30;120,00000000000003;84,75378584861687;1
1.0-1305.0;2025-07;31;122,99999999999994;111,47839128971029;1
1.0-1305.0;2025-08;31;256,00000000000006;203,6235727071755;2
1.0-1305.0;2025-09;30;231,00000000000006;193,26614677905968;2
1.0-1305.0;2025-10;31;68,0;67,31892263889242;0
1.0-1305.0;2025-11;30;62,0;44,425187587737355;0
1.0-1305.0;2025-12;31;94,00000000000007;68,16526794433523;1
1.0-1306.0;2025-01;24;348,0;245,8146543502802;2
1.0-1306.0;2025-02;28;349,00000000000006;298,7012733221048;1
1.0-1306.0;2025-03;31;384,99999999999983;334,12146019935534;2
1.0-1306.0;2025-04;30;262,00000000000006;237,61513495445183;1
1.0-1306.0;2025-05;31;174,99999999999994;148,32950341701437;0
1.0-1306.0;2025-06;30;191,00000000000003;162,97545933723381;0
1.0-1306.0;2025-07;31;151,0000000000001;117,37799477577138;0
1.0-1306.0;2025-08;31;182,00000000000003;160,1148315668099;0
1.0-1306.0;2025-09;30;209,00000000000006;171,70671057701043;1
1.0-1306.0;2025-10;31;197,00000000000006;169,61288774013448;1
1.0-1306.0;2025-11;30;163,00000000000006;133,34291195869378;0
1.0-1306.0;2025-12;31;67,00000000000004;52,71703469753195;0
1.0-1308.0;2025-01;24;0,0;-11,063000679016657;0
1.0-1308.0;2025-02;28;214,0;126,6805779933923;0
1.0-1308.0;2025-03;31;1683,0;1445,1840627193444;0
1.0-1308.0;2025-04;30;2179,0;1876,9055575132363;0
1.0-1308.0;2025-05;27;2296,0;1953,5098621845239;0
1.0-1308.0;2025-06;28;2289,0;1914,0668141841882;0
1.0-1308.0;2025-07;31;2068,0;1900,5860220193856;0
1.0-1308.0;2025-08;31;1988,9999999999998;1788,9601260423653;0
1.0-1308.0;2025-09;30;1908,0;1746,1850305795663;0
1.0-1308.0;2025-10;31;1802,0000000000002;1644,4039903879159;0
1.0-1308.0;2025-11;29;1397,0;1392,2314928770058;0
1.0-1308.0;2025-12;31;1059,0;1098,2783775329583;0
1.0-1309.0;2025-01;24;657,0;718,4751920700068;0
1.0-1309.0;2025-02;28;465,0;447,5446507930749;1
1.0-1309.0;2025-03;31;34,99999999999997;38,93930697441031;0
1.0-1309.0;2025-04;30;14,000000000000048;-0,19964218139716383;0
1.0-1309.0;2025-05;31;28,999999999999964;10,23022699356009;0
1.0-1309.0;2025-06;29;456,9999999999999;453,19436967372826;0
1.0-1309.0;2025-07;31;218,00000000000006;243,6013101339333;0
1.0-1309.0;2025-08;31;308,0;258,87611067295;1
1.0-1309.0;2025-09;30;406,0;345,17926740646294;2
1.0-1309.0;2025-10;31;596,0;542,8500634431832;1
1.0-1309.0;2025-11;30;369,0000000000001;329,66563546657494;0
1.0-1309.0;2025-12;31;272,00000000000006;254,2544102668755;0
1.0-131.0;2025-01;24;134,00000000000009;102,16090500354713;1
1.0-131.0;2025-02;28;193,00000000000009;133,9894076585763;0
1.0-131.0;2025-03;31;243,00000000000006;212,7629349231713;0
1.0-131.0;2025-04;30;181,00000000000017;143,20859920978478;0
1.0-131.0;2025-05;31;439,99999999999983;382,0558108091347;0
1.0-131.0;2025-06;29;281,9999999999997;380,0954010486596;0
1.0-131.0;2025-07;29;555,9999999999999;786,5871813297265;1
1.0-131.0;2025-08;31;291,9999999999999;324,0905939340584;0
1.0-131.0;2025-09;30;541,0;449,1952579021447;2
1.0-131.0;2025-10;31;458,9999999999999;415,7234680652611;2
1.0-131.0;2025-11;28;934,0;1070,306544542312;2
1.0-131.0;2025-12;28;553,9999999999999;1057,036813259124;1
1.0-1310.0;2025-01;24;799,9999999999999;624,5930550098414;0
1.0-1310.0;2025-02;28;926,0;852,6825098991387;0
1.0-1310.0;2025-03;31;879,0;816,1543035507194;0
1.0-1310.0;2025-04;30;1006,0;919,8105618953698;0
1.0-1310.0;2025-05;31;1118,0;1043,0848771333688;0
1.0-1310.0;2025-06;30;976,9999999999999;959,4923754930489;0
1.0-1310.0;2025-07;31;1060,0000000000002;991,288271069526;0
1.0-1310.0;2025-08;31;790,0000000000001;766,1915420293801;0
1.0-1310.0;2025-09;30;1197,0;1063,054097414016;1
1.0-1310.0;2025-10;31;988,9999999999999;981,9092363119119;0
1.0-1310.0;2025-11;30;816,0000000000003;750,6796581745141;0
1.0-1310.0;2025-12;31;743,9999999999995;731,8184305429451;0
1.0-132.0;2025-01;14;1146,9999999999998;833,6759108304974;0
1.0-132.0;2025-02;14;1092,0;879,3568979501721;0
1.0-132.0;2025-03;24;2482,0;1966,163707852363;0
1.0-132.0;2025-04;27;1716,0;1746,7923213243478;0
1.0-132.0;2025-05;31;2077,0000000000005;1829,0348575115197;0
1.0-132.0;2025-06;30;2180,9999999999995;1894,926104307174;0
1.0-132.0;2025-07;31;2063,0;1913,3408174514764;0
1.0-132.0;2025-08;30;1904,9999999999998;1759,889368772506;0
1.0-132.0;2025-09;27;1812,0;1625,2049531936639;0
1.0-132.0;2025-10;31;2516,0;2139,476513028144;0
1.0-132.0;2025-11;28;1753,9999999999998;1715,9101409912103;0
1.0-132.0;2025-12;31;823,0000000000001;908,5684922933572;0
1.0-133.0;2025-01;55;95,00000000000014;84,66408383846158;1
1.0-133.0;2025-02;56;43,999999999999986;23,25806236266963;0
1.0-133.0;2025-03;62;240,99999999999994;189,16742277145244;1
1.0-133.0;2025-04;60;218,00000000000009;170,48171782493455;2
1.0-133.0;2025-05;62;85,00000000000006;52,8145648241029;1
1.0-133.0;2025-06;59;329,0;376,5490701198564;1
1.0-133.0;2025-07;62;231,00000000000006;186,84003889560557;1
1.0-133.0;2025-08;59;392,0;1534,7280664443956;0
1.0-133.0;2025-09;60;454,99999999999994;458,6307778358446;2
1.0-133.0;2025-10;62;529,0;468,98161911964274;4
1.0-133.0;2025-11;60;502,9999999999998;420,38947033882005;2
1.0-133.0;2025-12;62;273,00000000000017;240,0762573480592;1
1.0-134.0;2025-01;24;120,00000000000004;76,55463552474922;1
1.0-134.0;2025-02;28;137,99999999999986;102,50041007995542;0
1.0-134.0;2025-03;31;202,0;170,298890590667;2
1.0-134.0;2025-04;30;128,99999999999983;105,72794580459527;1
1.0-134.0;2025-05;31;69,99999999999994;53,02037107944418;0
1.0-134.0;2025-06;30;53,00000000000009;32,72060894966057;0
1.0-134.0;2025-07;31;132,00000000000003;97,0718582868569;0
1.0-134.0;2025-08;31;87,00000000000009;76,93936479091573;0
1.0-134.0;2025-09;30;242,0;208,50257027149132;1
1.0-134.0;2025-10;31;42,00000000000004;33,152468919753325;0
1.0-134.0;2025-11;30;205,99999999999994;159,04302120208672;1
1.0-134.0;2025-12;31;15,999999999999986;13,055408477782501;0
1.0-135.0;2025-01;24;1451,0;1118,278799414634;0
1.0-135.0;2025-02;25;2466,0;1993,0302557945245;0
1.0-135.0;2025-03;29;2249,0;2033,7838400602334;0
1.0-135.0;2025-04;29;2000,0000000000002;1805,8592483997338;0
1.0-135.0;2025-05;29;2014,9999999999995;1821,0218092203133;0
1.0-135.0;2025-06;27;2450,0;2041,1582000255578;0
1.0-135.0;2025-07;28;2670,0;2178,615883111953;0
1.0-135.0;2025-08;24;1671,0;1610,8576025962823;0
1.0-135.0;2025-09;26;2931,0;2249,1202218532553;0
1.0-135.0;2025-10;26;3019,0;2245,609983801841;0
1.0-135.0;2025-11;29;2044,0;1917,250728964805;0
1.0-135.0;2025-12;26;2188,0;1902,9020115137093;0
1.0-136.0;2025-01;24;1793,0000000000002;1563,4943865537637;0
1.0-136.0;2025-02;28;1890,0;1640,5083918571465;0
1.0-136.0;2025-03;31;1620,0;1514,904274106025;0
1.0-136.0;2025-04;30;2131,0;1850,556455612182;0
1.0-136.0;2025-05;31;1930,0;1767,5881590843194;0
1.0-136.0;2025-06;30;1737,0;1568,6693204641335;0
1.0-136.0;2025-07;31;1723,0000000000002;1641,5306535959237;0
1.0-136.0;2025-08;31;1717,0;1568,6786649227136;0
1.0-136.0;2025-09;30;2224,0;1885,4282584190362;0
1.0-136.0;2025-10;31;1776,0;1682,2036464214318;0
1.0-136.0;2025-11;30;1752,0000000000002;1594,7014700174325;0
1.0-136.0;2025-12;31;955,0;1021,7247912883752;0
1.0-137.0;2025-01;18;1926,9999999999998;1389,7311372756953;0
1.0-137.0;2025-02;13;924,9999999999999;853,0968124866482;0
1.0-137.0;2025-03;20;948,0;1083,2152694463725;0
1.0-137.0;2025-04;17;986,0;934,7361456155772;0
1.0-137.0;2025-05;26;2078,0;1757,7259025573724;0
1.0-137.0;2025-06;20;1361,0000000000002;1327,316732525825;0
1.0-137.0;2025-07;16;1137,0;909,7270467281337;0
1.0-137.0;2025-08;17;838,0000000000001;951,5750473737713;0
1.0-137.0;2025-09;22;1966,0;1548,9884151220315;0
1.0-137.0;2025-10;27;2438,0;1946,4189931154244;0
1.0-137.0;2025-11;23;1581,9999999999998;1564,2322905063622;0
1.0-137.0;2025-12;25;1259,0;1417,715692162513;0
1.0-1401.0;2025-01;24;884,0000000000001;760,254863262176;1
1.0-1401.0;2025-02;24;723,0;941,193648219108;1
1.0-1401.0;2025-03;31;614,9999999999999;625,3400005102151;0
1.0-1401.0;2025-04;30;56,0;105,58142960071496;0
1.0-1401.0;2025-05;31;179,00000000000003;140,61266791820455;1
1.0-1401.0;2025-06;29;154,00000000000003;274,2214357852929;0
1.0-1401.0;2025-07;31;654,0;589,3331308364861;2
1.0-1401.0;2025-08;31;208,0;212,18317866325307;0
1.0-1401.0;2025-09;30;525,0000000000001;516,4223281145089;1
1.0-1401.0;2025-10;31;1093,0;988,7802522182458;2
1.0-1401.0;2025-11;30;190,99999999999994;237,04662895202569;0
1.0-1401.0;2025-12;31;272,00000000000006;277,0335531234734;0
1.0-1402.0;2025-01;21;1481,9999999999998;1239,3803958892818;0
1.0-1402.0;2025-02;18;929,0;1021,5941133499141;0
1.0-1402.0;2025-03;26;1392,0;1393,6350284814828;0
1.0-1402.0;2025-04;26;1726,9999999999998;1542,2645459175103;0
1.0-1402.0;2025-05;25;1614,0;1616,8310555219643;0
1.0-1402.0;2025-06;25;1519,0000000000002;1463,0134871006005;0
1.0-1402.0;2025-07;26;1483,0;1456,592993974685;0
1.0-1402.0;2025-08;25;1721,9999999999998;1636,0903923511498;0
1.0-1402.0;2025-09;28;2300,0;1872,35196340084;0
1.0-1402.0;2025-10;26;1419,0000000000002;1444,1130938529961;0
1.0-1402.0;2025-11;22;851,0;1152,0478931665416;0
1.0-1402.0;2025-12;25;912,9999999999999;1171,1467427015298;0
1.0-1403.0;2025-01;24;0,0;-11,037766456604547;0
1.0-1403.0;2025-02;28;0,0;-12,877394199371972;0
1.0-1403.0;2025-03;31;0,0;-14,25711500644754;0
1.0-1403.0;2025-04;30;0,0;-13,797208070755683;0
1.0-1403.0;2025-05;31;0,0;-14,25711500644754;0
1.0-1403.0;2025-06;30;0,0;-13,797208070755683;0
1.0-1403.0;2025-07;31;0,0;-14,25711500644754;0
1.0-1403.0;2025-08;31;0,0;-14,25711500644754;0
1.0-1403.0;2025-09;30;0,0;-13,797208070755683;0
1.0-1403.0;2025-10;31;0,0;-14,25711500644754;0
1.0-1403.0;2025-11;30;0,0;-13,797208070755683;0
1.0-1403.0;2025-12;31;0,0;-14,25711500644754;0
1.0-1404.0;2025-01;24;409,0;376,1285948753351;0
1.0-1404.0;2025-02;28;199,99999999999986;175,51405549049312;0
1.0-1404.0;2025-03;31;137,99999999999986;117,35433769226003;0
1.0-1404.0;2025-04;30;385,99999999999983;320,75648295879296;1
1.0-1404.0;2025-05;31;444,99999999999994;391,8358068466179;1
1.0-1404.0;2025-06;30;363,0000000000001;307,32346522808007;2
1.0-1404.0;2025-07;31;208,99999999999997;203,89831030368734;1
1.0-1404.0;2025-08;31;243,99999999999994;204,0833612680428;1
1.0-1404.0;2025-09;30;189,0;156,75601208209923;0
1.0-1404.0;2025-10;31;196,99999999999986;160,24079239368368;0
1.0-1404.0;2025-11;30;149,0;115,08842289447716;0
1.0-1404.0;2025-12;31;584,0;506,30460083484576;1
1.0-1405.0;2025-01;24;1268,0;1025,260881900787;0
1.0-1405.0;2025-02;28;1098,9999999999998;1033,042484879493;0
1.0-1405.0;2025-03;31;926,0000000000001;867,4560034275047;0
1.0-1405.0;2025-04;29;1682,0;1528,5212126970284;0
1.0-1405.0;2025-05;30;1954,0;1842,9537523984902;0
1.0-1405.0;2025-06;30;1592,0;1486,5962212085717;0
1.0-1405.0;2025-07;31;2157,0;1931,884658932685;0
1.0-1405.0;2025-08;31;1712,0;1604,9294128417962;0
1.0-1405.0;2025-09;30;1375,0;1287,6062929630273;1
1.0-1405.0;2025-10;29;1722,9999999999998;1631,6454888582223;0
1.0-1405.0;2025-11;30;1622,0;1514,4904986619943;0
1.0-1405.0;2025-12;31;1556,9999999999998;1515,8384134769433;0
1.0-1407.0;2025-01;24;383,99999999999983;279,9532452821726;1
1.0-1407.0;2025-02;28;292,00000000000006;253,77542030811244;0
1.0-1407.0;2025-03;31;321,99999999999994;274,6639544963829;2
1.0-1407.0;2025-04;30;194,99999999999991;165,723045587539;0
1.0-1407.0;2025-05;31;291,9999999999999;254,12787115573812;1
1.0-1407.0;2025-06;30;112,99999999999996;97,66797745227746;0
1.0-1407.0;2025-07;31;333,9999999999998;270,4701844453804;1
1.0-1407.0;2025-08;31;246,00000000000006;225,21749567985464;0
1.0-1407.0;2025-09;30;257,0;208,0065600872033;0
1.0-1407.0;2025-10;31;382,0;331,78187978267596;1
1.0-1407.0;2025-11;30;224,99999999999994;201,37689900398186;0
1.0-1407.0;2025-12;31;49,999999999999794;41,343707799910796;0
1.0-1408.0;2025-01;24;460,0000000000001;297,350191354751;0
1.0-1408.0;2025-02;28;1047,0;895,0752675533288;0
1.0-1408.0;2025-03;31;500,00000000000006;550,4727963209145;0
1.0-1408.0;2025-04;30;714,0;662,5057125091546;0
1.0-1408.0;2025-05;30;817,9999999999999;831,188603639602;0
1.0-1408.0;2025-06;29;827,0;853,0824065208428;0
1.0-1408.0;2025-07;30;821,0;887,1363970041268;0
1.0-1408.0;2025-08;31;849,9999999999999;817,1607284545892;0
1.0-1408.0;2025-09;30;930,0;849,6235173940652;0
1.0-1408.0;2025-10;31;1008,0;975,5095220804208;0
1.0-1408.0;2025-11;30;1105,0;1042,9375855922692;0
1.0-1408.0;2025-12;31;897,0000000000001;922,8031697273248;1
1.0-1409.0;2025-01;24;112,99999999999986;136,2931873798365;1
1.0-1409.0;2025-02;28;150,00000000000006;116,5541896820062;1
1.0-1409.0;2025-03;31;79,99999999999993;62,723402738570464;0
1.0-1409.0;2025-04;30;96,0;69,7128224372857;1
1.0-1409.0;2025-05;31;141,00000000000006;112,50237500667501;0
1.0-1409.0;2025-06;30;124,99999999999997;98,02062571048668;1
1.0-1409.0;2025-07;31;202,00000000000009;168,52077162265707;1
1.0-1409.0;2025-08;31;139,0000000000001;111,54557740688253;1
1.0-1409.0;2025-09;30;127,99999999999989;104,32644760608605;1
1.0-1409.0;2025-10;31;112,0;81,67209577560354;0
1.0-1409.0;2025-11;30;134,99999999999986;111,15777218341759;1
1.0-1409.0;2025-12;31;77,00000000000001;61,58528673648764;1
1.0-1410.0;2025-01;24;1606,0;1370,4805530309673;0
1.0-1410.0;2025-02;27;1924,9999999999998;1704,2909513711923;0
1.0-1410.0;2025-03;30;2023,0;1708,454716086387;2
1.0-1410.0;2025-04;27;2335,9999999999995;1952,6511100530618;0
1.0-1410.0;2025-05;31;925,0;1088,5266648530953;1
1.0-1410.0;2025-06;29;470,99999999999983;1020,7938326597207;0
1.0-1410.0;2025-07;31;146,0;199,3026326894753;0
1.0-1410.0;2025-08;30;693,0;682,1524472236626;0
1.0-1410.0;2025-09;30;757,0;712,7298585176461;0
1.0-1410.0;2025-10;31;540,0;511,30912542343066;0
1.0-1410.0;2025-11;30;671,0000000000002;591,2458455562585;0
1.0-1410.0;2025-12;31;152,9999999999999;164,81670320033956;0
1.0-1501.0;2025-01;24;365,9999999999999;348,9657944440836;2
1.0-1501.0;2025-02;28;413,99999999999994;340,05164730548796;2
1.0-1501.0;2025-03;31;3,9999999999999716;24,255407810210478;0
1.0-1501.0;2025-04;30;0,0;-13,62009537220069;0
1.0-1501.0;2025-05;31;0,0;-14,286449790001617;0
1.0-1501.0;2025-06;30;1,999999999999937;-12,233211994171821;0
1.0-1501.0;2025-07;31;10,999999999999654;-4,972971439362274;0
1.0-1501.0;2025-08;31;5,999999999999811;-8,253210067749725;0
1.0-1501.0;2025-09;30;2,9999999999999054;-10,832502365112983;0
1.0-1501.0;2025-10;31;0,9999999999999685;-13,266356348992096;0
1.0-1501.0;2025-11;30;0,9999999999999685;-12,930044531822883;0
1.0-1501.0;2025-12;31;0,0;-14,235297918320404;0
1.0-1502.0;2025-01;24;0,0;-11,037766456604547;0
1.0-1502.0;2025-02;28;0,0;-12,877394199371972;0
1.0-1502.0;2025-03;31;0,0;-14,25711500644754;0
1.0-1502.0;2025-04;30;0,0;-13,797208070755683;0
1.0-1502.0;2025-05;31;0,0;-14,25711500644754;0
1.0-1502.0;2025-06;30;0,0;-13,797208070755683;0
1.0-1502.0;2025-07;31;0,0;-14,25711500644754;0
1.0-1502.0;2025-08;31;0,0;-14,25711500644754;0
1.0-1502.0;2025-09;30;0,0;-13,797208070755683;0
1.0-1502.0;2025-10;31;0,0;-14,25711500644754;0
1.0-1502.0;2025-11;30;0,0;-13,797208070755683;0
1.0-1502.0;2025-12;31;0,0;-14,25711500644754;0
1.0-1503.0;2025-01;22;1365,9999999999998;1111,61762201786;0
1.0-1503.0;2025-02;25;1515,0;1495,6796085834496;0
1.0-1503.0;2025-03;29;1704,0000000000002;1588,9498153924935;1
1.0-1503.0;2025-04;29;1518,0000000000002;1456,4103741645806;0
1.0-1503.0;2025-05;29;1618,0000000000002;1600,1299953460687;0
1.0-1503.0;2025-06;29;1321,0;1295,3623598814004;0
1.0-1503.0;2025-07;30;1461,0;1511,0802512168877;0
1.0-1503.0;2025-08;29;1030,0;1133,3042932748788;0
1.0-1503.0;2025-09;29;1522,0;1435,4337959289544;0
1.0-1503.0;2025-10;30;1143,0;1180,0147708654397;1
1.0-1503.0;2025-11;30;1385,0;1246,0270761251443;0
1.0-1503.0;2025-12;31;927,9999999999999;1002,8024890422814;0
1.0-1505.0;2025-01;24;603,9999999999999;477,57710838317814;0
1.0-1505.0;2025-02;28;1142,9999999999998;934,967786908149;0
1.0-1505.0;2025-03;31;1259,9999999999998;1210,9772536754601;0
1.0-1505.0;2025-04;30;1146,0;1124,0983099937432;0
1.0-1505.0;2025-05;31;739,0;740,2566493749612;0
1.0-1505.0;2025-06;30;800,9999999999998;693,1147717237466;1
1.0-1505.0;2025-07;31;1472,9999999999998;1399,8989900350564;0
1.0-1505.0;2025-08;31;1332,0;1241,2059595584863;0
1.0-1505.0;2025-09;29;1721,9999999999998;1532,6588891744607;1
1.0-1505.0;2025-10;30;1849,9999999999998;1733,166379809379;0
1.0-1505.0;2025-11;30;1608,0;1492,1100565195077;0
1.0-1505.0;2025-12;31;1510,9999999999998;1527,532267570495;0
1.0-1506.0;2025-01;24;1638,0;1216,7476769685738;0
1.0-1506.0;2025-02;28;2072,0000000000005;1751,5877566337579;0
1.0-1506.0;2025-03;31;1715,0;1652,4031337499612;0
1.0-1506.0;2025-04;30;1997,0;1714,2771449089043;0
1.0-1506.0;2025-05;31;1774,0;1677,962141633033;0
1.0-1506.0;2025-06;30;1374,9999999999998;1288,7287952899926;0
1.0-1506.0;2025-07;31;1721,0;1628,1444243192666;0
1.0-1506.0;2025-08;31;1370,9999999999998;1294,9991708993905;0
1.0-1506.0;2025-09;30;1453,0;1380,0313639640801;0
1.0-1506.0;2025-10;31;1833,9999999999998;1646,2280040979379;0
1.0-1506.0;2025-11;30;1655,9999999999998;1523,315221667289;0
1.0-1506.0;2025-12;31;916,0;988,8963822126382;0
1.0-1507.0;2025-01;24;16,99999999999995;1,2968266010278988;0
1.0-1507.0;2025-02;28;37,00000000000001;18,308845281600316;0
1.0-1507.0;2025-03;31;0,0;-12,378006577492462;0
1.0-1507.0;2025-04;30;82,99999999999991;59,50805032253197;1
1.0-1507.0;2025-05;29;35,99999999999994;766,7490345239632;0
1.0-1507.0;2025-06;30;62,0;113,72761487960747;0
1.0-1507.0;2025-07;31;0,0;-11,104466915131317;0
1.0-1507.0;2025-08;31;70,00000000000004;43,71672356128622;1
1.0-1507.0;2025-09;30;68,99999999999997;50,60536408424309;1
1.0-1507.0;2025-10;31;118,99999999999986;91,65538501739431;1
1.0-1507.0;2025-11;30;21,999999999999993;9,461174726485526;0
1.0-1507.0;2025-12;31;37,00000000000001;20,232231616973174;0
1.0-1508.0;2025-01;24;-1426,0;-1193,120090246201;0
1.0-1508.0;2025-02;28;-1618,0;-1525,9992806911473;0
1.0-1508.0;2025-03;31;-1411,0;-1546,7569917440421;0
1.0-1508.0;2025-04;30;-1651,0;-1650,6391224861152;0
1.0-1508.0;2025-05;31;-1590,0;-1670,181358695031;0
1.0-1508.0;2025-06;30;-1795,0000000000002;-1736,5245344638831;0
1.0-1508.0;2025-07;31;-1729,0;-1772,900678157807;0
1.0-1508.0;2025-08;31;-1741,0;-1785,18743133545;0
1.0-1508.0;2025-09;30;-1584,0;-1592,2890311479573;0
1.0-1508.0;2025-10;31;-1604,9999999999998;-1642,9959526062019;0
1.0-1508.0;2025-11;30;-1534,0000000000002;-1580,7829091548926;0
1.0-1508.0;2025-12;31;-937,9999999999998;-1159,4186697006232;0
1.0-1509.0;2025-01;23;271,0000000000002;272,4470236301417;0
1.0-1509.0;2025-02;28;498,00000000000017;403,0061956644052;1
1.0-1509.0;2025-03;31;340,00000000000017;318,6542487144463;1
1.0-1509.0;2025-04;30;310,0000000000001;268,0977076292031;1
1.0-1509.0;2025-05;31;351,0;320,10668849944994;0
1.0-1509.0;2025-06;30;416,9999999999998;355,16697263717583;1
1.0-1509.0;2025-07;31;382,9999999999999;320,49587380886004;1
1.0-1509.0;2025-08;30;369,0000000000001;471,03957796096734;0
1.0-1509.0;2025-09;30;490,00000000000017;447,0255879163735;1
1.0-1509.0;2025-10;31;358,0000000000001;302,79522335529253;1
1.0-1509.0;2025-11;30;514,0;488,28101813793114;2
1.0-1509.0;2025-12;31;119,99999999999993;116,7403049468987;0
1.0-1510.0;2025-01;24;93,99999999999997;63,549127578734804;1
1.0-1510.0;2025-02;28;46,999999999999986;26,56721770763334;1
1.0-1510.0;2025-03;31;22,99999999999996;8,596468806266081;0
1.0-1510.0;2025-04;30;155,9999999999999;109,64377140998772;1
1.0-1510.0;2025-05;31;606,9999999999999;571,3330342769616;3
1.0-1510.0;2025-06;30;250,99999999999991;209,5722384452813;2
1.0-1510.0;2025-07;31;149,0;145,90838491916585;1
1.0-1510.0;2025-08;31;66,99999999999994;46,35217523574759;1
1.0-1510.0;2025-09;30;94,99999999999994;70,60380077361992;0
1.0-1510.0;2025-10;31;93,0;74,12874555587698;0
1.0-1510.0;2025-11;30;31,000000000000004;17,00652265548638;0
1.0-1510.0;2025-12;31;114,00000000000003;85,75641238689352;0
1.0-401.0;2025-01;17;1696,9999999999998;1264,5865981578822;0
1.0-401.0;2025-02;17;960,0;1023,2208927869792;0
1.0-401.0;2025-03;22;1574,0;1404,5680185556407;0
1.0-401.0;2025-04;23;2196,0;1794,8059498071664;0
1.0-401.0;2025-05;25;2416,0;1958,6251809597009;0
1.0-401.0;2025-06;22;1726,9999999999998;1568,7960180044167;0
1.0-401.0;2025-07;25;2164,0;1839,37129497528;0
1.0-401.0;2025-08;26;2096,0;1917,002579569816;0
1.0-401.0;2025-09;25;1886,0;1671,2471315860741;0
1.0-401.0;2025-10;26;1829,0;1737,3098920583718;0
1.0-401.0;2025-11;27;1781,9999999999998;1675,5220978260033;0
1.0-401.0;2025-12;30;797,0000000000001;976,4214895963662;0
1.0-403.0;2025-01;24;41,00000000000007;20,38346672058051;0
1.0-403.0;2025-02;28;83,00000000000003;54,21787977218565;0
1.0-403.0;2025-03;31;94,99999999999974;71,70121335983205;0
1.0-403.0;2025-04;30;28,99999999999987;18,172659158705986;0
1.0-403.0;2025-05;31;108,99999999999997;76,26203620433736;1
1.0-403.0;2025-06;30;88,99999999999993;62,73771536350182;1
1.0-403.0;2025-07;31;217,9999999999999;176,4859539270394;2
1.0-403.0;2025-08;31;325,9999999999999;271,304964065551;1
1.0-403.0;2025-09;30;382,9999999999999;335,84002912044457;2
1.0-403.0;2025-10;31;444,0000000000003;397,6777921915047;2
1.0-403.0;2025-11;30;210,99999999999991;181,7373139858239;1
1.0-403.0;2025-12;31;121,0000000000001;110,69003212451864;0
1.0-404.0;2025-01;24;0,0;-11,04281330108697;0
1.0-404.0;2025-02;28;0,0;-12,883282184601464;0
1.0-404.0;2025-03;31;0,0;-14,263633847237335;0
1.0-404.0;2025-04;30;0,0;-13,80351662635871;0
1.0-404.0;2025-05;31;0,0;-14,263633847237335;0
1.0-404.0;2025-06;30;0,0;-13,80351662635871;0
1.0-404.0;2025-07;31;0,0;-14,263633847237335;0
1.0-404.0;2025-08;31;0,0;-14,263633847237335;0
1.0-404.0;2025-09;30;0,0;-13,80351662635871;0
1.0-404.0;2025-10;31;0,0;-14,263633847237335;0
1.0-404.0;2025-11;30;0,0;-13,80351662635871;0
1.0-404.0;2025-12;31;0,0;-14,263633847237335;0
1.0-405.0;2025-01;24;426,99999999999994;309,80175554752293;2
1.0-405.0;2025-02;28;341,0000000000001;314,71743428707055;0
1.0-405.0;2025-03;30;483,0;529,7888957262032;0
1.0-405.0;2025-04;30;226,0;201,97905063629082;0
1.0-405.0;2025-05;31;455,99999999999994;392,9968439340584;1
1.0-405.0;2025-06;30;223,99999999999997;212,53594529628685;0
1.0-405.0;2025-07;31;99,99999999999997;86,51396477222372;0
1.0-405.0;2025-08;31;883,9999999999999;784,7327023744576;2
1.0-405.0;2025-09;30;456,99999999999994;451,6438711881631;1
1.0-405.0;2025-10;31;63,000000000000064;61,68354249000479;0
1.0-405.0;2025-11;30;557,9999999999999;480,0293748378747;1
1.0-405.0;2025-12;31;143,00000000000009;139,86436808109212;1
1.0-501.0;2025-01;17;174,0;481,8583971261974;1
1.0-501.0;2025-02;1;11,088145896656526;59,041916370391824;0
1.0-501.0;2025-03;30;2319,0;1978,8154367208472;2
1.0-501.0;2025-04;30;532,9999999999998;708,5742552280419;0
1.0-501.0;2025-05;31;131,00000000000009;126,64794409274984;1
1.0-501.0;2025-06;30;107,00000000000006;83,1159271001809;1
1.0-501.0;2025-07;31;218,99999999999994;200,90374410152364;1
1.0-501.0;2025-08;31;18,99999999999999;13,150667667388213;0
1.0-501.0;2025-09;30;0,0;-12,913169145584785;0
1.0-501.0;2025-10;31;146,0;128,848158001899;1
1.0-501.0;2025-11;30;0,0;-6,474657297135079;0
1.0-501.0;2025-12;31;0,0;-14,351638197899566;0
1.0-502.0;2025-01;24;472,0000000000001;351,90284764766636;1
1.0-502.0;2025-02;27;595,0000000000001;978,9102019071573;1
1.0-502.0;2025-03;31;654,0000000000001;606,5942852497094;3
1.0-502.0;2025-04;30;400,0;390,4329024553292;0
1.0-502.0;2025-05;31;455,9999999999999;400,06347763538287;1
1.0-502.0;2025-06;30;403,0;347,425744056701;0
1.0-502.0;2025-07;31;222,00000000000014;211,6797559261315;1
1.0-502.0;2025-08;31;258,9999999999999;225,42094659805227;0
1.0-502.0;2025-09;30;237,00000000000026;201,8800063133233;0
1.0-502.0;2025-10;31;155,99999999999997;130,00877451896596;0
1.0-502.0;2025-11;30;77,00000000000001;65,74032497405938;0
1.0-502.0;2025-12;31;0,0;-10,355483651161896;0
1.0-503.0;2025-01;24;277,0;221,70508968830052;3
1.0-503.0;2025-02;28;0,0;1,919217824935278;0
1.0-503.0;2025-03;31;116,00000000000006;69,97750568389823;2
1.0-503.0;2025-04;30;21,99999999999999;26,403484225272454;0
1.0-503.0;2025-05;31;0,0;-13,170571446419464;0
1.0-503.0;2025-06;30;0,0;-13,838213682175361;0
1.0-503.0;2025-07;31;0,0;-14,299487471581207;0
1.0-503.0;2025-08;31;0,0;-14,299487471581207;0
1.0-503.0;2025-09;30;0,0;-13,838213682175361;0
1.0-503.0;2025-10;31;0,0;-14,299487471581207;0
1.0-503.0;2025-11;30;0,0;-13,838213682175361;0
1.0-503.0;2025-12;31;0,0;-14,299487471581207;0
1.0-504.0;2025-01;24;527,9999999999998;439,9323799610132;0
1.0-504.0;2025-02;28;809,0000000000001;697,7704596519463;0
1.0-504.0;2025-03;31;792,0000000000001;731,0229216814033;0
1.0-504.0;2025-04;30;741,9999999999999;689,4529180526727;0
1.0-504.0;2025-05;31;799,9999999999999;760,4891860485069;0
1.0-504.0;2025-06;30;709,9999999999999;646,2182310819619;0
1.0-504.0;2025-07;31;931,9999999999999;884,5872541666023;0
1.0-504.0;2025-08;31;1173,0;1072,993791818618;0
1.0-504.0;2025-09;30;1182,0000000000002;1097,616097569465;0
1.0-504.0;2025-10;31;1111,0;1049,7385632991784;1
1.0-504.0;2025-11;30;1037,0;974,6892653703683;0
1.0-504.0;2025-12;31;654,9999999999999;682,3749682903283;0
1.0-505.0;2025-01;21;1675,0;1386,387142539024;0
1.0-505.0;2025-02;28;2311,9999999999995;1968,6463869810098;0
1.0-505.0;2025-03;31;2193,0;1881,9543339014047;0
1.0-505.0;2025-04;30;2323,0;1985,9816404581063;0
1.0-505.0;2025-05;30;2664,0;2227,813548088073;0
1.0-505.0;2025-06;29;1830,0;1715,9391996860497;0
1.0-505.0;2025-07;31;1386,0000000000002;1399,8090931177132;0
1.0-505.0;2025-08;31;1152,0;1076,2269791364663;0
1.0-505.0;2025-09;30;1663,0;1505,39624261856;0
1.0-505.0;2025-10;30;1359,0;1342,0392444133752;0
1.0-505.0;2025-11;30;1676,0;1505,9129658937447;0
1.0-505.0;2025-12;30;1113,9999999999998;1275,6985262632363;0
1.0-506.0;2025-01;22;1963,9999999999998;1478,5932934284206;0
1.0-506.0;2025-02;20;1878,0;1541,952088952064;0
1.0-506.0;2025-03;28;2074,0;1903,6491283178323;0
1.0-506.0;2025-04;27;2275,0;1863,3863099813454;0
1.0-506.0;2025-05;28;2620,0;2195,2593247890463;0
1.0-506.0;2025-06;27;2154,0;1853,6338613033288;0
1.0-506.0;2025-07;25;2102,0;1820,195493936538;0
1.0-506.0;2025-08;28;2588,9999999999995;2160,910501241683;0
1.0-506.0;2025-09;27;2508,0000000000005;2076,3054764270773;0
1.0-506.0;2025-10;29;2638,0;2205,6439826488486;0
1.0-506.0;2025-11;28;2150,0;1900,2962887287133;0
1.0-506.0;2025-12;31;1962,0000000000005;1903,3355008363717;0
1.0-507.0;2025-01;24;0,0;-11,055430412293024;0
1.0-507.0;2025-02;28;24,000000000000025;6,335154175757728;0
1.0-507.0;2025-03;31;0,0;-13,047764897347198;0
1.0-507.0;2025-04;30;0,0;-13,81928801536628;0
1.0-507.0;2025-05;31;37,00000000000001;17,742349863051665;1
1.0-507.0;2025-06;30;0,0;-11,922200202942573;0
1.0-507.0;2025-07;31;0,0;-14,279930949211822;0
1.0-507.0;2025-08;31;12,000000000000012;-3,8792256116874086;0
1.0-507.0;2025-09;30;12,000000000000012;-3,0608350038535237;0
1.0-507.0;2025-10;31;0,0;-13,663217067719208;0
1.0-507.0;2025-11;30;25,999999999999964;8,145788311957633;1
1.0-507.0;2025-12;31;12,000000000000012;-2,5454918146140444;0
1.0-508.0;2025-01;24;782,9999999999999;768,2508523464197;0
1.0-508.0;2025-02;28;837,9999999999998;761,9999145269387;0
1.0-508.0;2025-03;31;772,0000000000001;717,8997591733926;0
1.0-508.0;2025-04;30;1104,0;1010,1809889078133;0
1.0-508.0;2025-05;31;1586,0;1456,3829580545419;0
1.0-508.0;2025-06;30;928,0000000000002;897,9086762666695;0
1.0-508.0;2025-07;28;1272,0;1309,737153053283;0
1.0-508.0;2025-08;31;1149,9999999999998;1129,1621217727654;1
1.0-508.0;2025-09;30;919,9999999999999;874,9159888029092;0
1.0-508.0;2025-10;31;1051,9999999999998;1011,5161814689629;0
1.0-508.0;2025-11;30;732,0000000000001;675,0022251605981;0
1.0-508.0;2025-12;31;691,0;694,349500536918;1
1.0-509.0;2025-01;24;0,0;-11,052906990051813;0
1.0-509.0;2025-02;28;21,99999999999999;4,682628035544715;1
1.0-509.0;2025-03;31;19,000000000000085;3,3702510595314634;0
1.0-509.0;2025-04;30;37,99999999999998;19,213465690612114;0
1.0-509.0;2025-05;31;0,0;-12,32827413082193;0
1.0-509.0;2025-06;30;10,000000000000075;-5,864409685135567;0
1.0-509.0;2025-07;31;8,00000000000004;-6,327155470848785;0
1.0-509.0;2025-08;31;0,0;-13,865248560906158;0
1.0-509.0;2025-09;30;0,0;-13,816133737564765;0
1.0-509.0;2025-10;31;21,00000000000002;0,7606118917458189;1
1.0-509.0;2025-11;30;20,000000000000053;6,31841003894738;0
1.0-509.0;2025-12;31;13,99999999999995;-0,12274360656808492;0
1.0-510.0;2025-01;17;1113,0000000000002;1043,951174497604;0
1.0-510.0;2025-02;22;1652,0000000000002;1499,804602503776;0
1.0-510.0;2025-03;26;2149,0;1865,3270452022546;0
1.0-510.0;2025-04;26;1737,0000000000002;1690,7517002820962;0
1.0-510.0;2025-05;29;1948,0;1875,7874844074242;0
1.0-510.0;2025-06;25;1733,9999999999998;1673,236008882522;0
1.0-510.0;2025-07;25;2075,0;1706,8517256975167;0
1.0-510.0;2025-08;27;1816,0;1761,2223536968224;0
1.0-510.0;2025-09;27;2279,0;2000,2086821794503;0
1.0-510.0;2025-10;25;1679,9999999999998;1626,441561698913;0
1.0-510.0;2025-11;26;2093,0;1798,7275185585015;0
1.0-510.0;2025-12;25;1649,0;1644,001163363456;0
1.0-601.0;2025-01;21;167,9999999999999;546,9378769397731;0
1.0-601.0;2025-02;28;249,99999999999994;232,85199165344173;0
1.0-601.0;2025-03;31;271,00000000000006;236,80799460411;0
1.0-601.0;2025-04;30;48,00000000000005;38,54061949253014;0
1.0-601.0;2025-05;31;124,99999999999997;105,8952670097344;1
1.0-601.0;2025-06;30;231,99999999999991;175,01565313339165;0
1.0-601.0;2025-07;31;544,0;464,61708712577746;0
1.0-601.0;2025-08;31;190,99999999999994;200,23566806316305;0
1.0-601.0;2025-09;30;233,0;193,28312730789116;1
1.0-601.0;2025-10;31;385,0000000000001;332,70229804515765;1
1.0-601.0;2025-11;30;237,99999999999994;212,31730127334527;2
1.0-601.0;2025-12;31;230,00000000000009;194,67089116573263;1
1.0-602.0;2025-01;24;587,0000000000001;532,5912880897516;1
1.0-602.0;2025-02;28;703,9999999999998;621,6146278381341;1
1.0-602.0;2025-03;31;718,0000000000002;664,7949163913719;3
1.0-602.0;2025-04;30;770,9999999999998;708,0662587881081;2
1.0-602.0;2025-05;31;0,0;47,80598187446523;0
1.0-602.0;2025-06;30;0,0;-13,830327987671577;0
1.0-602.0;2025-07;31;-6,000000000000006;-19,49389958381723;0
1.0-602.0;2025-08;31;0,0;-14,600142717362152;0
1.0-602.0;2025-09;30;0,0;-13,830327987671577;0
1.0-602.0;2025-10;31;0,0;-14,291338920593963;0
1.0-602.0;2025-11;29;139,99999999999997;225,69602608680657;1
1.0-602.0;2025-12;31;0,0;3,214955449103606;0
1.0-603.0;2025-01;24;0,0;-11,069309234619684;0
1.0-603.0;2025-02;28;0,0;-12,914194107056298;0
1.0-603.0;2025-03;31;0,0;-14,297857761383758;0
1.0-603.0;2025-04;30;0,0;-13,836636543274604;0
1.0-603.0;2025-05;31;0,0;-14,297857761383758;0
1.0-603.0;2025-06;30;0,0;-13,836636543274604;0
1.0-603.0;2025-07;31;27,999999999999996;7,117165088652863;0
1.0-603.0;2025-08;31;0,0;-10,031697034836517;0
1.0-603.0;2025-09;30;0,0;-13,836636543274604;0
1.0-603.0;2025-10;31;0,0;-14,297857761383758;0
1.0-603.0;2025-11;30;0,0;-13,836636543274604;0
1.0-603.0;2025-12;31;0,0;-14,297857761383758;0
1.0-604.0;2025-01;24;0,0;-11,037766456604547;0
1.0-604.0;2025-02;28;0,0;-12,877394199371972;0
1.0-604.0;2025-03;31;0,0;-14,25711500644754;0
1.0-604.0;2025-04;30;0,0;-13,797208070755683;0
1.0-604.0;2025-05;31;0,0;-14,25711500644754;0
1.0-604.0;2025-06;30;0,0;-13,797208070755683;0
1.0-604.0;2025-07;31;0,0;-14,25711500644754;0
1.0-604.0;2025-08;31;0,0;-14,25711500644754;0
1.0-604.0;2025-09;30;0,0;-13,797208070755683;0
1.0-604.0;2025-10;31;0,0;-14,25711500644754;0
1.0-604.0;2025-11;30;0,0;-13,797208070755683;0
1.0-604.0;2025-12;31;0,0;-14,25711500644754;0
1.0-605.0;2025-01;24;0,0;-11,060477256775446;0
1.0-605.0;2025-02;28;20,000000000000053;3,131459355353675;0
1.0-605.0;2025-03;31;0,0;-13,259206652641998;0
1.0-605.0;2025-04;30;0,0;-13,825596570969306;0
1.0-605.0;2025-05;31;9,000000000000009;-6,484921932221161;0
1.0-605.0;2025-06;29;92,00000000000004;218,45543396472863;1
1.0-605.0;2025-07;31;1001,9999999999999;886,9323545694344;4
1.0-605.0;2025-08;31;752,0;742,8965696096413;2
1.0-605.0;2025-09;30;162,99999999999986;168,23059129714898;0
1.0-605.0;2025-10;31;37,00000000000001;30,168048977851164;0
1.0-605.0;2025-11;30;110,99999999999993;77,52223598956994;1
1.0-605.0;2025-12;31;39,00000000000004;28,859654545783293;0
1.0-606.0;2025-01;24;967,0;705,1414289474482;0
1.0-606.0;2025-02;28;1383,0;1250,592183709144;0
1.0-606.0;2025-03;31;1378,0;1258,2393225431435;0
1.0-606.0;2025-04;30;1621,9999999999998;1501,3044608831399;0
1.0-606.0;2025-05;31;1685,0;1572,1127797365182;0
1.0-606.0;2025-06;30;1379,0;1266,146321654319;1
1.0-606.0;2025-07;31;1220,0000000000002;1248,5745102167123;0
1.0-606.0;2025-08;31;939,0;883,5609047412864;1
1.0-606.0;2025-09;30;759,0;726,7334851026528;0
1.0-606.0;2025-10;31;546,9999999999999;533,0246458053581;0
1.0-606.0;2025-11;30;483,9999999999997;422,83364403247765;0
1.0-606.0;2025-12;30;381,9999999999997;461,8524810075753;0
1.0-607.0;2025-01;24;0,0;-11,055430412293024;0
1.0-607.0;2025-02;28;9,999999999999979;-4,875937700272241;0
1.0-607.0;2025-03;31;39,999999999999915;20,839114665984404;0
1.0-607.0;2025-04;30;36,000000000000036;17,319111585616387;2
1.0-607.0;2025-05;31;9,999999999999979;-2,468317151070343;0
1.0-607.0;2025-06;30;11,000000000000043;-3,967216730118477;1
1.0-607.0;2025-07;31;65,0000000000001;42,424521088599455;3
1.0-607.0;2025-08;31;28,999999999999968;12,28150641918112;0
1.0-607.0;2025-09;30;31,0;15,719577312468804;1
1.0-607.0;2025-10;31;18,999999999999986;3,210907459258331;0
1.0-607.0;2025-11;30;40,999999999999986;20,425602078437123;1
1.0-607.0;2025-12;31;31,0;11,520747184752715;1
1.0-608.0;2025-01;24;0,0;-11,088234901428766;0
1.0-608.0;2025-02;28;0,0;-12,936274051666894;0
1.0-608.0;2025-03;31;0,0;-14,32230341434549;0
1.0-608.0;2025-04;30;0,0;-13,860293626785957;0
1.0-608.0;2025-05;31;0,0;-14,32230341434549;0
1.0-608.0;2025-06;30;0,0;-13,860293626785957;0
1.0-608.0;2025-07;31;0,0;-14,32230341434549;0
1.0-608.0;2025-08;31;0,0;-14,32230341434549;0
1.0-608.0;2025-09;30;0,0;-13,860293626785957;0
1.0-608.0;2025-10;31;0,0;-14,32230341434549;0
1.0-608.0;2025-11;30;0,0;-13,860293626785957;0
1.0-608.0;2025-12;31;0,0;-14,32230341434549;0
1.0-609.0;2025-01;24;0,0;-11,050383567810602;0
1.0-609.0;2025-02;28;0,0;-12,892114162445703;0
1.0-609.0;2025-03;31;0,0;-14,273412108422027;0
1.0-609.0;2025-04;30;0,0;-13,812979459763252;0
1.0-609.0;2025-05;31;0,0;-14,273412108422027;0
1.0-609.0;2025-06;30;0,0;-13,812979459763252;0
1.0-609.0;2025-07;31;0,0;-14,273412108422027;0
1.0-609.0;2025-08;31;0,0;-14,273412108422027;0
1.0-609.0;2025-09;30;0,0;-13,812979459763252;0
1.0-609.0;2025-10;31;0,0;-14,273412108422027;0
1.0-609.0;2025-11;30;0,0;-13,812979459763252;0
1.0-609.0;2025-12;31;0,0;-14,273412108422027;0
1.0-610.0;2025-01;24;0,9999999999999685;-10,352867603302546;0
1.0-610.0;2025-02;28;0,0;-12,786971569061913;0
1.0-610.0;2025-03;31;102,99999999999999;79,36069357395101;1
1.0-610.0;2025-04;30;0,0;-8,571936607361518;0
1.0-610.0;2025-05;31;1,999999999999937;-12,549809575081573;0
1.0-610.0;2025-06;30;12,999999999999982;-3,3520799875266194;0
1.0-610.0;2025-07;31;0,0;-12,99729645252298;0
1.0-610.0;2025-08;31;0,0;-14,28319036960672;0
1.0-610.0;2025-09;30;12,000000000000012;-3,6804928779608845;0
1.0-610.0;2025-10;31;0,9999999999999685;-12,960023403168426;0
1.0-610.0;2025-11;30;151,00000000000003;120,18195068836144;2
1.0-610.0;2025-12;31;47,99999999999996;33,885838508605254;0
1.0-701.0;2025-01;24;0,0;-11,057953834534235;0
1.0-701.0;2025-02;28;0,0;-12,90094614028994;0
1.0-701.0;2025-03;31;0,0;-14,28319036960672;0
1.0-701.0;2025-04;30;0,0;-13,822442293167793;0
1.0-701.0;2025-05;31;0,0;-14,28319036960672;0
1.0-701.0;2025-06;30;0,0;-13,822442293167793;0
1.0-701.0;2025-07;31;0,0;-14,28319036960672;0
1.0-701.0;2025-08;31;0,0;-14,28319036960672;0
1.0-701.0;2025-09;30;0,0;-13,822442293167793;0
1.0-701.0;2025-10;31;0,0;-14,28319036960672;0
1.0-701.0;2025-11;30;0,0;-13,822442293167793;0
1.0-701.0;2025-12;31;0,0;-14,28319036960672;0
1.0-702.0;2025-01;24;188,00000000000014;150,6391582489008;0
1.0-702.0;2025-02;28;238,00000000000003;185,09806573390895;0
1.0-702.0;2025-03;31;267,00000000000017;219,86799824237752;0
1.0-702.0;2025-04;30;322,0000000000001;266,4693642854684;1
1.0-702.0;2025-05;31;288,0000000000003;253,78011202812124;0
1.0-702.0;2025-06;30;310,0000000000001;247,01740622520379;1
1.0-702.0;2025-07;31;329,00000000000017;287,1688785552971;0
1.0-702.0;2025-08;31;346,99999999999994;304,3735188245766;0
1.0-702.0;2025-09;30;318,00000000000006;259,99526166915825;1
1.0-702.0;2025-10;31;404,0000000000003;364,1418786048882;1
1.0-702.0;2025-11;30;380,00000000000006;319,3039380311959;0
1.0-702.0;2025-12;31;289,99999999999994;250,8155640363686;0
1.0-703.0;2025-01;24;466,99999999999983;385,0129863023752;0
1.0-703.0;2025-02;28;578,0;481,57841455936364;0
1.0-703.0;2025-03;31;445,9999999999997;430,45520710945055;0
1.0-703.0;2025-04;30;432,99999999999994;373,65435254573754;0
1.0-703.0;2025-05;31;469,99999999999994;418,6667246818535;0
1.0-703.0;2025-06;30;417,99999999999966;358,3257189989083;0
1.0-703.0;2025-07;31;523,0;475,71315300464556;0
1.0-703.0;2025-08;31;490,0000000000001;438,285912036895;0
1.0-703.0;2025-09;30;529,0;472,32578730583117;0
1.0-703.0;2025-10;31;672,0;591,5144190788261;0
1.0-703.0;2025-11;30;619,0;571,8444610834115;0
1.0-703.0;2025-12;30;1265,0;1195,5243022441857;4
1.0-705.0;2025-01;24;613,0;508,7834826707834;1
1.0-705.0;2025-02;28;769,0;679,4247593879693;0
1.0-705.0;2025-03;31;0,0;36,824731707572234;0
1.0-705.0;2025-04;28;660,9999999999998;970,1067044734948;0
1.0-705.0;2025-05;30;1148,0;1279,7842097282403;0
1.0-705.0;2025-06;30;755,0;730,343082904815;1
1.0-705.0;2025-07;29;680,0;874,0393230915063;0
1.0-705.0;2025-08;31;891,0000000000002;849,9924495220178;1
1.0-705.0;2025-09;30;797,0000000000003;744,1127672195428;0
1.0-705.0;2025-10;31;366,0;368,6077576875679;0
1.0-705.0;2025-11;30;618,9999999999999;535,0904481410973;0
1.0-705.0;2025-12;31;448,99999999999994;441,3137558698647;1
1.0-706.0;2025-01;24;988,0;806,2583752870554;0
1.0-706.0;2025-02;27;644,0000000000001;717,5575203895562;0
1.0-706.0;2025-03;30;1566,9999999999998;1422,3155618906014;0
1.0-706.0;2025-04;26;1969,0000000000002;1732,3527342081063;1
1.0-706.0;2025-05;30;2569,0;2180,582601428031;0
1.0-706.0;2025-06;30;1248,0;1295,8954721689217;0
1.0-706.0;2025-07;31;682,9999999999999;697,3838106393807;0
1.0-706.0;2025-08;29;511,9999999999999;687,6574112176888;0
1.0-706.0;2025-09;27;688,0;892,7775996923441;0
1.0-706.0;2025-10;31;380,0;375,9584866762154;0
1.0-706.0;2025-11;30;399,9999999999999;398,391355633735;1
1.0-706.0;2025-12;31;266,9999999999998;254,04996049404073;1
1.0-707.0;2025-01;24;261,99999999999994;205,54667079448646;1
1.0-707.0;2025-02;28;225,99999999999994;176,50928270816738;0
1.0-707.0;2025-03;31;262,00000000000017;227,15937423705984;1
1.0-707.0;2025-04;30;266,00000000000006;229,64958465099267;2
1.0-707.0;2025-05;31;292,99999999999994;250,8116737604134;0
1.0-707.0;2025-06;30;344,9999999999999;284,50605046749047;1
1.0-707.0;2025-07;31;348,99999999999994;324,0110009908669;2
1.0-707.0;2025-08;31;164,0;145,31191098689962;0
1.0-707.0;2025-09;30;343,9999999999999;283,09624600410393;2
1.0-707.0;2025-10;31;159,00000000000006;149,35243570804525;0
1.0-707.0;2025-11;30;153,99999999999994;126,53298389911583;0
1.0-707.0;2025-12;31;58,00000000000003;45,462721467017424;0
1.0-708.0;2025-01;24;200,99999999999991;137,76334369182533;1
1.0-708.0;2025-02;28;174,99999999999986;135,0194370746606;0
1.0-708.0;2025-03;31;85,99999999999983;67,39031445980002;0
1.0-708.0;2025-04;30;165,00000000000006;130,75324988365105;1
1.0-708.0;2025-05;31;171,00000000000009;139,55598485469747;0
1.0-708.0;2025-06;30;165,99999999999986;124,42298233508996;0
1.0-708.0;2025-07;30;283,99999999999994;732,4112377166741;2
1.0-708.0;2025-08;30;93,0;226,17341279983452;0
1.0-708.0;2025-09;1;5,1831831831832185;5,179468631744362;0
1.0-708.0;2025-10;31;174,0;156,18213057517934;2
1.0-708.0;2025-11;30;105,00000000000001;81,12284409999779;0
1.0-708.0;2025-12;31;105,99999999999989;83,36510181426931;1
1.0-709.0;2025-01;24;429,0000000000001;386,16724169254246;0
1.0-709.0;2025-02;28;695,9999999999998;616,005428194999;0
1.0-709.0;2025-03;31;477,99999999999983;434,5605522394173;1
1.0-709.0;2025-04;30;566,9999999999999;518,6929349899285;1
1.0-709.0;2025-05;31;588,9999999999998;529,6692302227012;0
1.0-709.0;2025-06;27;350,9999999999999;848,054566740989;0
1.0-709.0;2025-07;31;814,9999999999998;793,1585143804543;0
1.0-709.0;2025-08;31;635,9999999999999;590,8106997013084;0
1.0-709.0;2025-09;30;860,0000000000001;787,4691041707986;0
1.0-709.0;2025-10;31;602,9999999999999;567,0013171434395;0
1.0-709.0;2025-11;30;703,9999999999999;640,368254899978;0
1.0-709.0;2025-12;31;710,0000000000001;672,8302288055412;0
1.0-710.0;2025-01;24;212,99999999999986;179,51415324211064;0
1.0-710.0;2025-02;28;390,9999999999999;319,77868330478606;2
1.0-710.0;2025-03;31;366,0000000000002;309,12596404552386;0
1.0-710.0;2025-04;30;235,00000000000003;212,63399076461724;0
1.0-710.0;2025-05;31;296,0000000000002;245,75258016586233;0
1.0-710.0;2025-06;30;229,00000000000003;196,66682624816826;1
1.0-710.0;2025-07;31;396,0000000000001;336,1063946485512;1
1.0-710.0;2025-08;31;388,99999999999994;331,3592065572731;0
1.0-710.0;2025-09;30;570,9999999999998;482,3532890081399;1
1.0-710.0;2025-10;31;340,00000000000006;330,8231370449059;1
1.0-710.0;2025-11;30;346,99999999999994;295,7369617223733;1
1.0-710.0;2025-12;31;306,00000000000006;260,3087836503975;0
1.0-801.0;2025-01;24;236,0;159,11191642284336;1
1.0-801.0;2025-02;28;592,9999999999999;523,996196150779;3
1.0-801.0;2025-03;31;111,00000000000001;120,00109219551015;0
1.0-801.0;2025-04;30;130,0;98,39293563365868;0
1.0-801.0;2025-05;31;349,00000000000006;302,85247349739;1
1.0-801.0;2025-06;30;92,9999999999999;83,10388827323845;0
1.0-801.0;2025-07;31;176,9999999999999;147,7993218898766;0
1.0-801.0;2025-08;30;72,00000000000007;166,0096117258065;0
1.0-801.0;2025-09;30;287,99999999999994;233,87894546985558;0
1.0-801.0;2025-10;31;468,9999999999999;431,3170609474175;1
1.0-801.0;2025-11;30;0,0;9,330114483832633;0
1.0-801.0;2025-12;31;0,0;-14,28319036960672;0
1.0-802.0;2025-01;24;83,00000000000003;73,86167085170692;0
1.0-802.0;2025-02;28;41,99999999999985;25,894252538680398;0
1.0-802.0;2025-03;31;239,0;183,074977397918;2
1.0-802.0;2025-04;30;25,000000000000092;36,998177647589955;0
1.0-802.0;2025-05;31;28,999999999999964;11,368973851203217;0
1.0-802.0;2025-06;30;8,00000000000004;-4,459021210671151;0
1.0-802.0;2025-07;31;320,9999999999999;248,6447374820702;1
1.0-802.0;2025-08;31;351,00000000000017;306,81067156791613;1
1.0-802.0;2025-09;30;335,00000000000017;283,848698973655;0
1.0-802.0;2025-10;31;218,99999999999994;202,27022981643606;1
1.0-802.0;2025-11;30;293,00000000000006;235,54708528518609;2
1.0-802.0;2025-12;31;155,0;140,87263298034597;0
1.0-803.0;2025-01;24;59,0;42,493482112883974;1
1.0-803.0;2025-02;28;60,00000000000006;41,06233334541257;1
1.0-803.0;2025-03;31;89,00000000000003;65,55205392837453;1
1.0-803.0;2025-04;30;66,99999999999984;45,76391565799645;0
1.0-803.0;2025-05;31;101,99999999999953;71,72381901740957;1
1.0-803.0;2025-06;30;56,999999999999865;45,09610247611931;0
1.0-803.0;2025-07;31;465,9999999999995;391,0050752162926;2
1.0-803.0;2025-08;31;315,9999999999997;279,1179524660103;1
1.0-803.0;2025-09;30;220,99999999999977;183,3490973711007;0
1.0-803.0;2025-10;31;125,99999999999935;112,78815257549215;0
1.0-803.0;2025-11;30;75,99999999999956;58,98738420009545;0
1.0-803.0;2025-12;31;231,99999999999943;183,79835844039846;2
1.0-804.0;2025-01;24;1720,0;1477,0407840013497;0
1.0-804.0;2025-02;28;2024,0;1711,8033238649361;1
1.0-804.0;2025-03;31;1677,0;1553,2419973611825;1
1.0-804.0;2025-04;30;1909,0000000000002;1756,2807172536843;0
1.0-804.0;2025-05;31;875,9999999999999;884,0844097137444;0
1.0-804.0;2025-06;30;966,0000000000002;891,2517832517617;0
1.0-804.0;2025-07;31;936,9999999999998;897,1661986112588;0
1.0-804.0;2025-08;31;636,9999999999999;611,7103135585778;0
1.0-804.0;2025-09;30;1228,0;1077,178480267524;0
1.0-804.0;2025-10;31;1308,9999999999998;1241,1770979166024;0
1.0-804.0;2025-11;30;902,0;889,9663099050515;0
1.0-804.0;2025-12;31;808,9999999999997;768,1988718509667;0
1.0-805.0;2025-01;24;267,0000000000001;194,0468047857279;0
1.0-805.0;2025-02;28;424,99999999999994;350,6275727748864;2
1.0-805.0;2025-03;31;284,0000000000001;241,6173745393746;1
1.0-805.0;2025-04;30;289,99999999999994;255,25364613532952;1
1.0-805.0;2025-05;31;242,0;204,17509818077016;0
1.0-805.0;2025-06;30;121,00000000000018;99,87497305869988;0
1.0-805.0;2025-07;31;149,00000000000009;120,8867608308785;0
1.0-805.0;2025-08;31;185,00000000000014;152,92081761360097;0
1.0-805.0;2025-09;30;218,00000000000026;174,50334584712914;0
1.0-805.0;2025-10;31;546,0000000000001;522,7988977432244;3
1.0-805.0;2025-11;30;378,0000000000001;325,9975783824914;1
1.0-805.0;2025-12;31;394,99999999999994;357,600221872329;0
1.0-806.0;2025-01;24;0,0;-11,162675857544489;0
1.0-806.0;2025-02;28;0,0;-13,023121833801904;0
1.0-806.0;2025-03;31;9,999999999999979;-6,369054794312225;0
1.0-806.0;2025-04;30;-3,000000000000003;-15,358207583428108;0
1.0-806.0;2025-05;31;-0,9999999999999685;-15,376095056534515;0
1.0-806.0;2025-06;30;42,999999999999915;22,201828479766167;0
1.0-806.0;2025-07;31;-3,000000000000003;-14,816473603249298;0
1.0-806.0;2025-08;31;195,0000000000002;147,04024493694234;1
1.0-806.0;2025-09;30;205,00000000000037;165,3454785346978;0
1.0-806.0;2025-10;31;192,0;161,37012898921895;0
1.0-806.0;2025-11;30;63,00000000000036;51,13149762153557;0
1.0-806.0;2025-12;31;100,00000000000027;77,24070346355369;0
1.0-807.0;2025-01;24;0,0;-11,075617790222712;0
1.0-807.0;2025-02;28;5,000000000000038;-8,909838438034692;0
1.0-807.0;2025-03;31;0,0;-14,048827528954254;0
1.0-807.0;2025-04;30;0,0;-13,844522237778389;0
1.0-807.0;2025-05;31;0,0;-14,306006312371002;0
1.0-807.0;2025-06;30;0,0;-13,844522237778389;0
1.0-807.0;2025-07;31;0,0;-14,306006312371002;0
1.0-807.0;2025-08;31;0,0;-14,306006312371002;0
1.0-807.0;2025-09;30;0,0;-13,844522237778389;0
1.0-807.0;2025-10;31;0,0;-14,306006312371002;0
1.0-807.0;2025-11;30;0,0;-13,844522237778389;0
1.0-807.0;2025-12;31;0,0;-14,306006312371002;0
1.0-808.0;2025-01;24;82,00000000000006;51,04967093467658;0
1.0-808.0;2025-02;28;301,0;232,24216461181575;0
1.0-808.0;2025-03;31;242,99999999999997;201,59595036506582;0
1.0-808.0;2025-04;30;225,99999999999991;196,3157551288598;0
1.0-808.0;2025-05;31;217,9999999999999;179,43904137611318;0
1.0-808.0;2025-06;30;228,99999999999991;187,873067736625;0
1.0-808.0;2025-07;31;110,99999999999983;98,92825591564107;0
1.0-808.0;2025-08;31;206,00000000000006;163,12390744686056;0
1.0-808.0;2025-09;30;386,00000000000006;312,5062065124505;1
1.0-808.0;2025-10;31;301,0;270,09330081939623;0
1.0-808.0;2025-11;30;293,00000000000006;243,14369022846154;0
1.0-808.0;2025-12;31;268,00000000000006;238,68904817104269;0
1.0-809.0;2025-01;23;737,9999999999999;632,7574431896204;0
1.0-809.0;2025-02;24;950,0000000000001;1101,214734792709;0
1.0-809.0;2025-03;31;1537,0000000000002;1403,560896277427;0
1.0-809.0;2025-04;28;1012,0000000000001;1116,423084855079;0
1.0-809.0;2025-05;31;1643,0;1479,0433949232095;0
1.0-809.0;2025-06;29;1466,0;1421,435741901397;0
1.0-809.0;2025-07;30;1463,9999999999998;1435,76056587696;0
1.0-809.0;2025-08;30;1450,0000000000002;1452,3996441364282;0
1.0-809.0;2025-09;30;1622,0;1449,584819197654;0
1.0-809.0;2025-10;30;1297,9999999999998;1335,4040107727044;0
1.0-809.0;2025-11;28;1319,9999999999998;1338,602580070495;0
1.0-809.0;2025-12;31;1098,0;1111,9535912275308;0
1.0-810.0;2025-01;24;209,99999999999994;139,93911194801277;2
1.0-810.0;2025-02;28;314,00000000000006;256,09302592277464;0
1.0-810.0;2025-03;31;225,00000000000014;191,04305112361837;0
1.0-810.0;2025-04;30;202,99999999999997;165,08356833457879;0
1.0-810.0;2025-05;31;348,99999999999966;291,5527464151375;1
1.0-810.0;2025-06;30;429,99999999999994;370,9293719530099;0
1.0-810.0;2025-07;31;415,0000000000002;362,3456225395196;0
1.0-810.0;2025-08;31;336,00000000000006;298,8176264762871;0
1.0-810.0;2025-09;30;249,00000000000028;208,06854164600304;0
1.0-810.0;2025-10;31;294,0000000000003;252,8073853254311;1
1.0-810.0;2025-11;30;314,0;260,95200669765404;0
1.0-810.0;2025-12;31;202,0;178,78479158878255;0
1.0-901.0;2025-01;24;606,0;573,4081685543055;2
1.0-901.0;2025-02;28;617,0;536,1416902542107;0
1.0-901.0;2025-03;31;434,00000000000006;415,0520800352089;2
1.0-901.0;2025-04;29;462,9999999999999;524,8773829936974;0
1.0-901.0;2025-05;31;1028,9999999999998;970,2043422460549;1
1.0-901.0;2025-06;29;334,0;429,1560916900628;0
1.0-901.0;2025-07;30;492,00000000000006;542,7428838014596;0
1.0-901.0;2025-08;31;352,99999999999983;338,42615568637774;0
1.0-901.0;2025-09;30;502,0;467,05703938007287;1
1.0-901.0;2025-10;31;12,999999999999982;27,65251243114401;0
1.0-901.0;2025-11;29;984,0;892,1914558410638;1
1.0-901.0;2025-12;30;886,9999999999998;977,9846971034997;1
1.0-902.0;2025-01;24;0,0;-11,064262390137262;0
1.0-902.0;2025-02;28;86,00000000000003;55,927918910979585;1
1.0-902.0;2025-03;31;58,00000000000003;40,26878249645163;1
1.0-902.0;2025-04;30;27,00000000000003;9,423060536383904;0
1.0-902.0;2025-05;31;0,0;-10,40332353115152;0
1.0-902.0;2025-06;30;0,0;-13,830327987671577;0
1.0-902.0;2025-07;31;0,0;-14,291338920593963;0
1.0-902.0;2025-08;31;0,0;-14,291338920593963;0
1.0-902.0;2025-09;30;2,0000000000000346;-12,264018774033271;0
1.0-902.0;2025-10;31;156,99999999999994;132,33847153186727;1
1.0-902.0;2025-11;30;18,000000000000018;10,480952739714898;0
1.0-902.0;2025-12;31;12,999999999999982;-1,9178431034095156;0
1.0-903.0;2025-01;23;499,9999999999999;838,0190219879145;0
1.0-903.0;2025-02;28;792,9999999999999;718,6057262420647;0
1.0-903.0;2025-03;31;719,0;674,8190009593956;0
1.0-903.0;2025-04;30;1070,0;971,4998699426644;0
1.0-903.0;2025-05;31;1061,0;1021,5227597951882;0
1.0-903.0;2025-06;30;754,0000000000001;700,5058754682534;1
1.0-903.0;2025-07;31;915,9999999999998;880,3837058544152;0
1.0-903.0;2025-08;31;737,0;699,2227020263664;0
1.0-903.0;2025-09;30;942,9999999999998;843,2882030010217;0
1.0-903.0;2025-10;31;956,0;910,4612166881554;0
1.0-903.0;2025-11;30;659,0;629,6311984062188;0
1.0-903.0;2025-12;31;724,0000000000001;694,3410365581506;0
1.0-904.0;2025-01;24;1143,0;895,6450881958002;0
1.0-904.0;2025-02;28;2007,9999999999998;1732,6123573780053;0
1.0-904.0;2025-03;31;1848,9999999999998;1679,022452116012;0
1.0-904.0;2025-04;29;1919,0;1738,21612894535;0
1.0-904.0;2025-05;31;2319,9999999999995;2019,8351240158074;0
1.0-904.0;2025-06;30;2020,0;1775,4242920875542;0
1.0-904.0;2025-07;31;1720,0;1591,8330616950982;0
1.0-904.0;2025-08;31;2083,0;1859,7448010444632;0
1.0-904.0;2025-09;30;2441,9999999999995;2040,4979699850073;0
1.0-904.0;2025-10;31;2605,0;2167,843143582343;0
1.0-904.0;2025-11;30;2030,0;1846,3233096599572;0
1.0-904.0;2025-12;31;1583,0;1612,3125783205026;0
1.0-905.0;2025-01;24;409,0;298,0779358148569;1
1.0-905.0;2025-02;28;184,99999999999994;167,90257287025386;1
1.0-905.0;2025-03;31;277,0;218,49620282649923;1
1.0-905.0;2025-04;30;279,0;233,1167668104165;2
1.0-905.0;2025-05;31;563,0;504,9448968172066;0
1.0-905.0;2025-06;30;509,99999999999994;440,67897069454125;2
1.0-905.0;2025-07;31;248,9999999999999;241,28538680076528;2
1.0-905.0;2025-08;31;239,0;238,39291405677724;1
1.0-905.0;2025-09;30;268,99999999999994;227,61560118198327;1
1.0-905.0;2025-10;31;314,9999999999999;280,2893460988991;1
1.0-905.0;2025-11;30;364,0;299,73495626449517;1
1.0-905.0;2025-12;31;61,00000000000003;89,80298280715871;0
1.0-906.0;2025-01;22;1513,9999999999998;1280,5912849903102;0
1.0-906.0;2025-02;25;1600,0;1470,5723458528512;0
1.0-906.0;2025-03;29;1617,9999999999998;1529,71226799488;0
1.0-906.0;2025-04;26;1448,0;1487,0367690324777;0
1.0-906.0;2025-05;28;2005,0000000000002;1814,2272977828973;0
1.0-906.0;2025-06;21;1531,0000000000002;1379,1699446439738;0
1.0-906.0;2025-07;1;59,003257328990216;79,07194840908048;0
1.0-906.0;2025-08;27;1300,0;1345,6563996076577;0
1.0-906.0;2025-09;30;1624,0000000000002;1471,1953021287911;0
1.0-906.0;2025-10;31;2007,0;1797,5591078996652;0
1.0-906.0;2025-11;30;1769,0000000000002;1614,3355876207345;0
1.0-906.0;2025-12;31;1597,0;1588,7419220209115;0
1.0-907.0;2025-01;24;979,9999999999999;869,6430619955057;0
1.0-907.0;2025-02;28;1362,0;1210,8718353509896;0
1.0-907.0;2025-03;31;1134,0;1085,558647155761;0
1.0-907.0;2025-04;29;1508,9999999999998;1394,7813059091561;0
1.0-907.0;2025-05;31;1645,9999999999998;1516,5851887464516;0
1.0-907.0;2025-06;30;1498,0;1402,582031965255;0
1.0-907.0;2025-07;31;1011,9999999999999;997,1442929506295;0
1.0-907.0;2025-08;31;927,0000000000001;919,2081867456429;0
1.0-907.0;2025-09;30;1128,0;1010,5411022901528;0
1.0-907.0;2025-10;31;1222,0;1152,8308235406869;0
1.0-907.0;2025-11;30;920,0000000000002;880,8293659687035;0
1.0-907.0;2025-12;31;653,0;663,5770497322076;0
1.0-908.0;2025-01;24;465,0;371,8608570098871;0
1.0-908.0;2025-02;28;388,99999999999994;330,0734049081796;0
1.0-908.0;2025-03;31;415,0;354,7358222007744;0
1.0-908.0;2025-04;30;478,0;410,41236090660027;0
1.0-908.0;2025-05;31;523,9999999999998;486,75811958312914;1
1.0-908.0;2025-06;30;528,9999999999997;457,1178574562066;0
1.0-908.0;2025-07;31;817,9999999999999;768,9129477739327;1
1.0-908.0;2025-08;31;621,0;570,9891654252998;0
1.0-908.0;2025-09;30;444,9999999999998;407,46652829646996;0
1.0-908.0;2025-10;31;534,9999999999998;483,75056827068255;0
1.0-908.0;2025-11;30;153,99999999999986;156,73377442359856;0
1.0-908.0;2025-12;31;74,00000000000001;56,822327256201994;0
1.0-909.0;2025-01;24;0,0;-11,044075012207575;0
1.0-909.0;2025-02;28;0,0;-12,884754180908837;0
1.0-909.0;2025-03;31;0,0;-14,265263557434784;0
1.0-909.0;2025-04;30;0,0;-13,805093765259468;0
1.0-909.0;2025-05;31;0,0;-14,265263557434784;0
1.0-909.0;2025-06;30;0,0;-13,805093765259468;0
1.0-909.0;2025-07;31;0,0;-14,265263557434784;0
1.0-909.0;2025-08;31;0,0;-14,265263557434784;0
1.0-909.0;2025-09;30;0,0;-13,805093765259468;0
1.0-909.0;2025-10;31;0,0;-14,265263557434784;0
1.0-909.0;2025-11;30;0,0;-13,805093765259468;0
1.0-909.0;2025-12;31;0,0;-14,265263557434784;0
1.0-910.0;2025-01;24;311,0;227,37684917449897;0
1.0-910.0;2025-02;28;663,9999999999999;602,5345065593713;1
1.0-910.0;2025-03;31;525,0000000000001;506,8868279457085;0
1.0-910.0;2025-04;30;424,00000000000006;363,93376207351616;0
1.0-910.0;2025-05;31;338,0;300,6447418928139;0
1.0-910.0;2025-06;30;915,9999999999999;812,2635151147836;0
1.0-910.0;2025-07;31;1236,0;1184,5955575704568;0
1.0-910.0;2025-08;31;725,0;686,3378977775567;2
1.0-910.0;2025-09;30;737,0;683,1098231077187;0
1.0-910.0;2025-10;31;1158,0;1081,5268492698663;0
1.0-910.0;2025-11;30;1018,0;960,8088133335107;0
1.0-910.0;2025-12;31;750,0;769,9370366334908;0
